"id","Csize","life_cycle","subspecies","country"
"A_Ichthyosaura_alpestris_IRSNB_15370_cranium",1.4668928916525,"metamorphic","apuana","Italy"
"A_Ichthyosaura_alpestris_MHNG_1119-54_cranium",1.5036584245922,"metamorphic","alpestris","Switzerland"
"A_Ichthyosaura_alpestris_MHNG_2409-84_cranium",1.4671111294399,"metamorphic","apuana","Italy"
"A_Ichthyosaura_alpestris_MHNG_2409-85_cranium",1.45838211286752,"metamorphic","apuana","Italy"
"A_Ichthyosaura_alpestris_MHNG_2409-86_cranium",1.42648507333284,"metamorphic","apuana","Italy"
"A_Ichthyosaura_alpestris_MHNG_2409-87_cranium",1.45753345265675,"metamorphic","apuana","Italy"
"A_Ichthyosaura_alpestris_MHNG_2409-88_cranium",1.4089494861239,"metamorphic","apuana","Italy"
"A_Ichthyosaura_alpestris_MHNG_2409-89_cranium",1.43915273989252,"metamorphic","apuana","Italy"
"A_Ichthyosaura_alpestris_MHNG_2409-90_cranium",1.40201465480769,"metamorphic","apuana","Italy"
"A_Ichthyosaura_alpestris_MHNG_741-28A_cranium",1.43474475713935,"metamorphic","alpestris","Switzerland"
"A_Ichthyosaura_alpestris_MHNG_877-87N_cranium",1.49443252021744,"metamorphic","alpestris","Switzerland"
"A_Ichthyosaura_alpestris_MHNG_915-1_cranium",1.47979033855649,"metamorphic","alpestris","Switzerland"
"A_Ichthyosaura_alpestris_MHNG_915-5_cranium",1.4179390915715,"metamorphic","alpestris","Switzerland"
"A_Ichthyosaura_alpestris_MNHN_1992-2685_cranium",1.44243239558794,"paedomorphic","apuana","Italy"
"A_Ichthyosaura_alpestris_MNHN_1992-2686_cranium",1.45113793043283,"paedomorphic","apuana","Italy"
"A_Ichthyosaura_alpestris_MNHN_1992-2687_cranium",1.47926901452322,"paedomorphic","apuana","Italy"
"A_Ichthyosaura_alpestris_MNHN_1992-2754_cranium",1.41790725083167,"paedomorphic","apuana","Italy"
"A_Ichthyosaura_alpestris_MNHN_1992-2755_cranium",1.36614701214592,"paedomorphic","apuana","Italy"
"A_Ichthyosaura_alpestris_MNHN_1992-2756_cranium",1.36492014282558,"paedomorphic","apuana","Italy"
"A_Ichthyosaura_alpestris_MNHN_1992-2757_cranium",1.39554155518443,"paedomorphic","apuana","Italy"
"A_Ichthyosaura_alpestris_MNHN_1992-2758_cranium",1.38300536289304,"paedomorphic","apuana","Italy"
"A_Ichthyosaura_alpestris_MNHN_1992-2759_cranium",1.37831359714102,"paedomorphic","apuana","Italy"
"A_Ichthyosaura_alpestris_MNHN_1992-2760_cranium",1.36081430853623,"paedomorphic","apuana","Italy"
"A_Ichthyosaura_alpestris_MNHN_1992-2761_cranium",1.36080528733192,"paedomorphic","apuana","Italy"
"A_Ichthyosaura_alpestris_MNHN_1992-2797_cranium",1.40463310550933,"paedomorphic","apuana","Italy"
"A_Ichthyosaura_alpestris_MNHN_1992-2822_cranium",1.33193037383626,"paedomorphic","apuana","Italy"
"A_Ichthyosaura_alpestris_MNHN_1992-2823_cranium",1.36862858017938,"paedomorphic","apuana","Italy"
"A_Ichthyosaura_alpestris_MNHN_1992-2824_cranium",1.33795779606756,"paedomorphic","apuana","Italy"
"A_Ichthyosaura_alpestris_MNHN_1992-2825_cranium",1.3186462065849,"paedomorphic","apuana","Italy"
"A_Ichthyosaura_alpestris_MNHN_1992-2926_cranium",1.34323987266738,"paedomorphic","apuana","Italy"
"A_Ichthyosaura_alpestris_MNHN_1992-2931_cranium",1.45040788001446,"paedomorphic","apuana","Italy"
"A_Ichthyosaura_alpestris_MNHN_1992-2932_cranium",1.48779732646397,"paedomorphic","apuana","Italy"
"A_Ichthyosaura_alpestris_MNHN_1992-2933_cranium",1.35299253558448,"paedomorphic","apuana","Italy"
"A_Ichthyosaura_alpestris_MNHN_1992-2934_cranium",1.37418979452661,"paedomorphic","apuana","Italy"
"A_Ichthyosaura_alpestris_MNHN_1992-2935_cranium",1.35018496474533,"paedomorphic","apuana","Italy"
"A_Ichthyosaura_alpestris_MNHN_1992-2936_cranium",1.36744911150524,"paedomorphic","apuana","Italy"
"A_Ichthyosaura_alpestris_MVZ_176570_cranium",1.42199335774653,"metamorphic","apuana","Italy"
"A_Ichthyosaura_alpestris_MVZ_176571_cranium",1.44164668210088,"metamorphic","apuana","Italy"
"A_Ichthyosaura_alpestris_MVZ_178851_cranium",1.40355384732456,"metamorphic","apuana","Italy"
"A_Ichthyosaura_alpestris_MVZ_178852-cranium",1.4529492257355,"metamorphic","apuana","Italy"
"A_Ichthyosaura_alpestris_MVZ_178853_cranium",1.41524347555724,"metamorphic","apuana","Italy"
"A_Ichthyosaura_alpestris_MVZ_178854_cranium",1.41398308353163,"metamorphic","apuana","Italy"
"A_Ichthyosaura_alpestris_MVZ_178855_cranium",1.42885770473957,"metamorphic","apuana","Italy"
"A_Ichthyosaura_alpestris_MVZ_178856_cranium",1.42084557406037,"metamorphic","apuana","Italy"
"A_Ichthyosaura_alpestris_MVZ_178857_cranium",1.41433059878769,"metamorphic","apuana","Italy"
"A_Ichthyosaura_alpestris_MVZ_178858_cranium",1.40825856119906,"metamorphic","apuana","Italy"
"A_Ichthyosaura_alpestris_MVZ_178859_cranium",1.40275575088617,"metamorphic","apuana","Italy"
"A_Ichthyosaura_alpestris_MVZ_191954_cranium",1.46529604271882,"metamorphic","apuana","Italy"
"A_Ichthyosaura_alpestris_MVZ_191955_cranium",1.47810282818346,"metamorphic","apuana","Italy"
"A_Ichthyosaura_alpestris_MVZ_191956_cranium",1.45571216545663,"metamorphic","apuana","Italy"
"A_Ichthyosaura_alpestris_MVZ_191957_cranium",1.46769270065497,"metamorphic","apuana","Italy"
"A_Ichthyosaura_alpestris_NMB_6275_cranium",1.40487384228002,"metamorphic","alpestris","Bosnia"
"A_Ichthyosaura_alpestris_NMB_6276_cranium",1.47127066934604,"metamorphic","alpestris","Bosnia"
"A_Ichthyosaura_alpestris_NMB_6277_cranium",1.38294045786136,"metamorphic","alpestris","Bosnia"
"A_Ichthyosaura_alpestris_NMB_6278_cranium",1.43764886986577,"metamorphic","alpestris","Bosnia"
"A_Ichthyosaura_alpestris_NMB_6279_cranium",1.41301296806193,"metamorphic","alpestris","Bosnia"
"A_Ichthyosaura_alpestris_NMB_6280_cranium",1.40290577133471,"metamorphic","alpestris","Bosnia"
"A_Ichthyosaura_alpestris_NMBE_1016799_cranium",1.4248260016121,"paedomorphic","alpestris","Switzerland"
"A_Ichthyosaura_alpestris_NMBE_1016900_cranium",1.41701503684593,"paedomorphic","alpestris","Switzerland"
"A_Ichthyosaura_alpestris_NMBE_1047562_cranium",1.49359765414469,"paedomorphic","alpestris","Switzerland"
"A_Ichthyosaura_alpestris_NMBE_1053490_cranium",1.37964016900455,"paedomorphic","alpestris","Switzerland"
"A_Ichthyosaura_alpestris_NMW_8773-1_cranium",1.37079737860862,"paedomorphic","alpestris","Switzerland"
"A_Ichthyosaura_alpestris_NMW_8866-1_cranium",1.51722892579191,"paedomorphic","alpestris","Bosnia"
"A_Ichthyosaura_alpestris_NMW_8866-3_cranium",1.48343112589652,"paedomorphic","alpestris","Bosnia"
"A_Ichthyosaura_alpestris_NMW_8866-4_cranium",1.52691208241575,"paedomorphic","alpestris","Bosnia"
"A_Ichthyosaura_alpestris_NMW_8866-5_cranium",1.47194984109475,"paedomorphic","alpestris","Bosnia"
"A_Ichthyosaura_alpestris_NMW_8866-6_cranium",1.47969841560967,"paedomorphic","alpestris","Bosnia"
"A_Ichthyosaura_alpestris_NMW_8866-7_cranium",1.5027449338801,"paedomorphic","alpestris","Bosnia"
"A_Ichthyosaura_alpestris_NMW_8866-8_cranium",1.50298665475445,"paedomorphic","alpestris","Bosnia"
"A_Ichthyosaura_alpestris_NMW_8866-9_cranium",1.55964506174553,"paedomorphic","alpestris","Bosnia"
"A_Ichthyosaura_alpestris_SMA_14018_cranium",1.425807837555,"metamorphic","apuana","Italy"
"A_Ichthyosaura_alpestris_SMA_14019_cranium",1.39851039545534,"metamorphic","apuana","Italy"
"A_Ichthyosaura_alpestris_SMA_14020_cranium",1.3882500451016,"metamorphic","apuana","Italy"
"A_Ichthyosaura_alpestris_SMA_20401_cranium",1.43661510420997,"metamorphic","apuana","Italy"
"A_Ichthyosaura_alpestris_SMA_20402_cranium",1.42125224528885,"metamorphic","apuana","Italy"
"A_Ichthyosaura_alpestris_SMA_20403_cranium",1.4293336267432,"metamorphic","apuana","Italy"
"A_Ichthyosaura_alpestris_SMA_20404_cranium",1.44464823700427,"paedomorphic","apuana","Italy"
"A_Ichthyosaura_alpestris_SMA_20405_cranium",1.44011532139452,"paedomorphic","apuana","Italy"
"A_Ichthyosaura_alpestris_SMA_20406_cranium",1.41400294577112,"paedomorphic","apuana","Italy"
"A_Ichthyosaura_alpestris_SMA_20407_cranium",1.41767788462606,"paedomorphic","apuana","Italy"
"A_Ichthyosaura_alpestris_SMA_20408_cranium",1.42051493163638,"paedomorphic","apuana","Italy"
"A_Ichthyosaura_alpestris_SMA_20409_cranium",1.47300335476921,"paedomorphic","apuana","Italy"
"A_Ichthyosaura_alpestris_SMA_20410_cranium",1.41592121932888,"paedomorphic","apuana","Italy"
"A_Ichthyosaura_alpestris_SMA_20411_cranium",1.42605330090823,"paedomorphic","apuana","Italy"
"A_Ichthyosaura_alpestris_SMA_20412_cranium",1.45085203786715,"paedomorphic","apuana","Italy"
"A_Ichthyosaura_alpestris_SMA_20413_cranium",1.43707287806064,"paedomorphic","apuana","Italy"
"A_Ichthyosaura_alpestris_SMA_20414_cranium",1.44626447432755,"paedomorphic","apuana","Italy"
"A_Ichthyosaura_alpestris_SMA_20415_cranium",1.40087087190464,"paedomorphic","apuana","Italy"
"A_Ichthyosaura_alpestris_SMA_20416_cranium",1.39510230827296,"paedomorphic","apuana","Italy"
"A_Ichthyosaura_alpestris_SMA_20417_cranium",1.39757870438527,"paedomorphic","apuana","Italy"
"A_Ichthyosaura_alpestris_SMA_20418_cranium",1.39640114475119,"paedomorphic","apuana","Italy"
"A_Ichthyosaura_alpestris_SMA_20526_cranium",1.42129391166801,"metamorphic","apuana","Italy"
"A_Ichthyosaura_alpestris_SMA_22886_cranium",1.43484584739167,"metamorphic","apuana","Italy"
"A_Ichthyosaura_alpestris_SMA_22887_cranium",1.4314729466049,"metamorphic","apuana","Italy"
"A_Ichthyosaura_alpestris_SMA_22888_cranium",1.45982921548709,"metamorphic","apuana","Italy"
"A_Ichthyosaura_alpestris_SMA_22889_cranium",1.44741782683047,"metamorphic","apuana","Italy"
"A_Ichthyosaura_alpestris_SMA_22890_cranium",1.43806999299193,"metamorphic","apuana","Italy"
"A_Ichthyosaura_alpestris_SMA_22891_cranium",1.44650438873376,"metamorphic","apuana","Italy"
"A_Ichthyosaura_alpestris_SMA_22892_cranium",1.43356781429539,"paedomorphic","apuana","Italy"
"A_Ichthyosaura_alpestris_SMA_22893_cranium",1.47477620837146,"paedomorphic","apuana","Italy"
"A_Ichthyosaura_alpestris_SMA_22894_cranium",1.38869116627607,"paedomorphic","apuana","Italy"
"A_Ichthyosaura_alpestris_SMA_22895_cranium",1.45850860309816,"paedomorphic","apuana","Italy"
"A_Ichthyosaura_alpestris_SMA_22896_cranium",1.42573809148557,"paedomorphic","apuana","Italy"
"A_Ichthyosaura_alpestris_SMA_22897_cranium",1.45157672579381,"paedomorphic","apuana","Italy"
"A_Ichthyosaura_alpestris_SMA_22898_cranium",1.41811558545922,"paedomorphic","apuana","Italy"
"A_Ichthyosaura_alpestris_SMA_22899_cranium",1.40693254800815,"paedomorphic","apuana","Italy"
"A_Ichthyosaura_alpestris_SMA_22900_cranium",1.47497094590319,"paedomorphic","apuana","Italy"
"A_Ichthyosaura_alpestris_SMA_22901_cranium",1.40633785341016,"paedomorphic","apuana","Italy"
"A_Ichthyosaura_alpestris_SMA_22902_cranium",1.40906397761551,"paedomorphic","apuana","Italy"
"A_Ichthyosaura_alpestris_SMA_22903_cranium",1.45978467766801,"paedomorphic","apuana","Italy"
"A_Ichthyosaura_alpestris_SMA_22904_cranium",1.43185422757398,"paedomorphic","apuana","Italy"
"A_Ichthyosaura_alpestris_SMA_22905_cranium",1.43669716460019,"paedomorphic","apuana","Italy"
"A_Ichthyosaura_alpestris_SMA_22906_cranium",1.4383815401837,"paedomorphic","apuana","Italy"
"A_Ichthyosaura_alpestris_SMA_22907_cranium",1.43736840155073,"paedomorphic","apuana","Italy"
"A_Ichthyosaura_alpestris_SMA_22908_cranium",1.45210031752439,"paedomorphic","apuana","Italy"
"A_Ichthyosaura_alpestris_SMA_22909_cranium",1.40328174653771,"paedomorphic","apuana","Italy"
"A_Ichthyosaura_alpestris_SMA_22910_cranium",1.47094557205,"paedomorphic","apuana","Italy"
"A_Ichthyosaura_alpestris_SMA_22911_cranium",1.41812748412683,"paedomorphic","apuana","Italy"
"A_Ichthyosaura_alpestris_SMA_22912_cranium",1.39501303725268,"paedomorphic","apuana","Italy"
"A_Ichthyosaura_alpestris_SMA_22913_cranium",1.45497128950678,"paedomorphic","apuana","Italy"
"A_Ichthyosaura_alpestris_SMA_22914_cranium",1.47162916612018,"paedomorphic","apuana","Italy"
"A_Ichthyosaura_alpestris_SMA_22916_cranium",1.41005213464568,"paedomorphic","apuana","Italy"
"A_Ichthyosaura_alpestris_SMA_22917_cranium",1.46157768831055,"paedomorphic","apuana","Italy"
"A_Ichthyosaura_alpestris_SMA_22918_cranium",1.44863430497995,"paedomorphic","apuana","Italy"
"A_Ichthyosaura_alpestris_SMA_22919_cranium",1.40869963464961,"paedomorphic","apuana","Italy"
"A_Ichthyosaura_alpestris_SMA_22920_cranium",1.46397363163298,"paedomorphic","apuana","Italy"
"A_Ichthyosaura_alpestris_SMA_22921_cranium",1.45197352806214,"paedomorphic","apuana","Italy"
"A_Ichthyosaura_alpestris_SMA_22922_cranium",1.43004235095327,"paedomorphic","apuana","Italy"
"A_Ichthyosaura_alpestris_SMA_22923_cranium",1.41705399951652,"paedomorphic","apuana","Italy"
"A_Ichthyosaura_alpestris_SMA_22924_cranium",1.4579429775445,"undergoing metamorphosis","apuana","Italy"
"A_Ichthyosaura_alpestris_SMA_22925_cranium",1.45380187095731,"undergoing metamorphosis","apuana","Italy"
"A_Ichthyosaura_alpestris_SMA_22926_cranium",1.54513947890452,"paedomorphic","apuana","Italy"
"A_Ichthyosaura_alpestris_SMA_22927_cranium",1.54284373152503,"paedomorphic","apuana","Italy"
"A_Ichthyosaura_alpestris_SMA_22928_cranium",1.52314832612833,"paedomorphic","apuana","Italy"
"A_Ichthyosaura_alpestris_SMA_22929_cranium",1.44924428991886,"undergoing metamorphosis","apuana","Italy"
"A_Ichthyosaura_alpestris_SMA_22930_cranium",1.43473195369344,"undergoing metamorphosis","apuana","Italy"
"A_Ichthyosaura_alpestris_SMA_22931_cranium",1.44216516717956,"metamorphic","apuana","Italy"
"A_Ichthyosaura_alpestris_SMA_22932_cranium",1.39222892943486,"metamorphic","apuana","Italy"
"A_Ichthyosaura_alpestris_SMA_22933_cranium",1.45926964681782,"metamorphic","apuana","Italy"
"A_Ichthyosaura_alpestris_SMA_22934_cranium",1.39501294508554,"metamorphic","apuana","Italy"
"A_Ichthyosaura_alpestris_SMA_22935_cranium",1.43368519672207,"metamorphic","apuana","Italy"
"A_Ichthyosaura_alpestris_SMA_22936_cranium",1.43046770499116,"undergoing metamorphosis","apuana","Italy"
"A_Ichthyosaura_alpestris_SMA_22965-1_cranium",1.38032864857284,"paedomorphic","apuana","Italy"
"A_Ichthyosaura_alpestris_SMA_22966_cranium",1.4324597533333,"paedomorphic","apuana","Italy"
"A_Ichthyosaura_alpestris_SMA_22967_cranium",1.4736646439244,"paedomorphic","apuana","Italy"
"A_Ichthyosaura_alpestris_SMA_22968_cranium",1.4942540300199,"paedomorphic","apuana","Italy"
"A_Ichthyosaura_alpestris_SMA_22969_cranium",1.47255730028399,"paedomorphic","apuana","Italy"
"A_Ichthyosaura_alpestris_SMA_22970_cranium",1.47484469681853,"paedomorphic","apuana","Italy"
"A_Ichthyosaura_alpestris_SMA_22971_cranium",1.40204635206163,"paedomorphic","apuana","Italy"
"A_Ichthyosaura_alpestris_SMA_22972_cranium",1.41161279157543,"paedomorphic","apuana","Italy"
"A_Ichthyosaura_alpestris_SMA_22973_cranium",1.41317541157846,"paedomorphic","apuana","Italy"
"A_Ichthyosaura_alpestris_SMA_22974_cranium",1.43658037016161,"undergoing metamorphosis","apuana","Italy"
"A_Ichthyosaura_alpestris_SMA_22975_cranium",1.42722002560246,"undergoing metamorphosis","apuana","Italy"
"A_Ichthyosaura_alpestris_SMA_7902_cranium",1.42451905955011,"undergoing metamorphosis","apuana","Italy"
"A_Ichthyosaura_alpestris_SMA_7903_cranium",1.46663325158526,"paedomorphic","apuana","Italy"
"A_Ichthyosaura_alpestris_SMA_7908_cranium",1.45877988094656,"metamorphic","apuana","Italy"
"A_Ichthyosaura_alpestris_SMA_7910_cranium",1.43265519921741,"metamorphic","apuana","Italy"
"A_Ichthyosaura_alpestris_SMA_7912_cranium",1.43289057089974,"undergoing metamorphosis","apuana","Italy"
"A_Ichthyosaura_alpestris_SMA_7913_cranium",1.46256935276049,"paedomorphic","apuana","Italy"
"A_Ichthyosaura_alpestris_SMA_7914_cranium",1.40223086963615,"undergoing metamorphosis","apuana","Italy"
"A_Ichthyosaura_alpestris_SMA_7919_cranium",1.42112069521897,"undergoing metamorphosis","apuana","Italy"
"A_Ichthyosaura_alpestris_SMA_7920_cranium",1.42119542676329,"metamorphic","apuana","Italy"
"A_Ichthyosaura_alpestris_SMA_7922_cranium",1.42837137894893,"undergoing metamorphosis","apuana","Italy"
"A_Ichthyosaura_alpestris_SMA_7923_cranium",1.42095209744602,"undergoing metamorphosis","apuana","Italy"
"A_Ichthyosaura_alpestris_SMA_7924_cranium",1.44782617425181,"metamorphic","apuana","Italy"
"A_Ichthyosaura_alpestris_SMA_7925_cranium",1.45128814033149,"metamorphic","apuana","Italy"
"A_Ichthyosaura_alpestris_SMA_7927_cranium",1.42805349140378,"undergoing metamorphosis","apuana","Italy"
"A_Ichthyosaura_alpestris_SMA_7930_cranium",1.43059231264644,"undergoing metamorphosis","apuana","Italy"
"A_Ichthyosaura_alpestris_SMA_7932_cranium",1.3927658926981,"metamorphic","apuana","Italy"
"A_Ichthyosaura_alpestris_SMA_7935_cranium",1.36125743786659,"metamorphic","apuana","Italy"
"A_Ichthyosaura_alpestris_SMA_7936_cranium",1.36546844455953,"undergoing metamorphosis","apuana","Italy"
"A_Ichthyosaura_alpestris_SMA_7937_cranium",1.35313532778887,"metamorphic","apuana","Italy"
"A_Ichthyosaura_alpestris_SMA_7938_cranium",1.34573833570854,"undergoing metamorphosis","apuana","Italy"
"A_Ichthyosaura_alpestris_SMA_7939_cranium",1.37206702701058,"undergoing metamorphosis","apuana","Italy"
"A_Ichthyosaura_alpestris_SMA_7941_cranium",1.4787284133969,"metamorphic","apuana","Italy"
"A_Ichthyosaura_alpestris_SMA_7942_cranium",1.40925799034364,"paedomorphic","apuana","Italy"
"A_Ichthyosaura_alpestris_SMA_7943_cranium",1.49062380541029,"paedomorphic","apuana","Italy"
"A_Ichthyosaura_alpestris_SMA_7947_cranium",1.47091947344903,"undergoing metamorphosis","apuana","Italy"
"A_Ichthyosaura_alpestris_SMA_7949_cranium",1.45632116634257,"undergoing metamorphosis","apuana","Italy"
"A_Ichthyosaura_alpestris_SMA_7952_cranium",1.36744743566521,"undergoing metamorphosis","apuana","Italy"
"A_Ichthyosaura_alpestris_SMA_7955_cranium",1.38798821182606,"undergoing metamorphosis","apuana","Italy"
"A_Ichthyosaura_alpestris_SMA_7956_cranium",1.55073667278073,"paedomorphic","apuana","Italy"
"A_Ichthyosaura_alpestris_SMA_7958_cranium",1.49577761176136,"paedomorphic","apuana","Italy"
"A_Ichthyosaura_alpestris_SMA_7960_cranium",1.40447653269029,"undergoing metamorphosis","apuana","Italy"
"A_Ichthyosaura_alpestris_SMA_7962_cranium",1.46372641784944,"metamorphic","apuana","Italy"
"A_Ichthyosaura_alpestris_SMA_7963_cranium",1.46071210009917,"undergoing metamorphosis","apuana","Italy"
"A_Ichthyosaura_alpestris_SMA_7964_cranium",1.43944362890732,"metamorphic","apuana","Italy"
"A_Ichthyosaura_alpestris_SMA_7965_cranium",1.46261360269534,"undergoing metamorphosis","apuana","Italy"
"A_Ichthyosaura_alpestris_SMA_7966_cranium",1.42384695400362,"paedomorphic","apuana","Italy"
"A_Ichthyosaura_alpestris_SMA_7967_cranium",1.39764129074344,"paedomorphic","apuana","Italy"
"A_Ichthyosaura_alpestris_SMA_7978_cranium",1.41735568545324,"paedomorphic","apuana","Italy"
"A_Ichthyosaura_alpestris_SMA_7979_cranium",1.46407353278434,"metamorphic","apuana","Italy"
"A_Ichthyosaura_alpestris_SMA_7984_cranium",1.4340375653037,"undergoing metamorphosis","apuana","Italy"
"A_Ichthyosaura_alpestris_SMA_7987_cranium",1.44300983274546,"metamorphic","apuana","Italy"
"A_Ichthyosaura_alpestris_SMA_7988_cranium",1.45249726405504,"undergoing metamorphosis","apuana","Italy"
"A_Ichthyosaura_alpestris_SMA_7990_cranium",1.36178548563974,"metamorphic","apuana","Italy"
"A_Ichthyosaura_alpestris_SMA_7991-1_cranium",1.38912191079404,"paedomorphic","apuana","Italy"
