"id","sub.species","life_cycle","country","locality","svl","r_interlimb_l","l_interlimb_l","body_h","head_l","head_w","head_h","r_lower_jaw_l","r_humerus","r_radius","r_metacarpus","r_toe_fore","r_femur","r_tibia","r_metatarsus","r_toe_hind","l_lower_jaw_l","l_humerus","l_radius","l_metacarpus","l_toe_fore","l_femur","l_tibia","l_metatarsus","l_toe_hind","tail"
"22966","apuana","paedomorphic","Italy","Chiusdino. Siena. Toscana",1.57898284270279,1.21245396104028,1.21245396104028,0.895974732359065,0.974511692737328,0.885361220031512,0.695481676490197,0.879669205632054,0.687528961214634,0.505149978319906,0.225309281725863,0.519827993775719,0.720159303405957,0.549003262025788,0.252853030979893,0.409933123331295,0.862131379313037,0.694605198933569,0.528916700277655,0.247973266361807,0.591064607026499,0.658011396657112,0.445604203273598,0.276461804173244,0.426511261364575,1.48215869541128
"22968","apuana","paedomorphic","Italy","Chiusdino. Siena. Toscana",1.66171805769466,1.28307497473547,1.28307497473547,0.937016107464814,1.05499586152914,0.966141732739033,0.771587480881255,0.940516484932567,0.770115294787102,0.64738297011462,0.346352974450639,0.456366033129043,0.808210972924222,0.557507201905658,0.296665190261531,0.250420002308894,0.920123326290724,0.750508394851346,0.56702636615906,0.328379603438738,0.513217600067939,0.773054693364263,0.597695185925512,0.292256071356476,0.495544337546448,1.51838231554534
"22973","apuana","paedomorphic","Italy","Chiusdino. Siena. Toscana",1.57065967002153,1.15685190107001,1.15685190107001,0.890421018800914,0.991226075692495,0.869818207979328,0.708420900134713,0.86391737695786,0.716003343634799,0.539076098792777,0.136720567156407,0.363611979892144,0.711807229041191,0.531478917042255,0.222716471147583,0.434568904034199,0.854306041801081,0.7481880270062,0.568201724066995,0.269512944217916,0.472756449317212,0.672097857935718,0.496929648073215,0.252853030979893,0.419955748489758,1.42618582524451
"22969","apuana","paedomorphic","Italy","Chiusdino. Siena. Toscana",1.63958608667343,1.24772783290972,1.24772783290972,0.93801909747621,1.05269394192497,0.932473764677153,0.761175813155731,0.90848501887865,0.724275869600789,0.534026106056135,0.173186268412274,0.426511261364575,0.76715586608218,0.561101383649056,0.255272505103306,0.3654879848909,0.8819549713396,0.770115294787102,0.502427119984433,0.193124598354462,0.507855871695831,0.745074791582057,0.662757831681574,0.217483944213906,0.472756449317212,1.55846856252379
"22967","apuana","paedomorphic","Italy","Chiusdino. Siena. Toscana",1.66190729276602,1.28780172993023,1.28780172993023,0.920123326290724,1.03140846425162,0.947433721887051,0.790285164033242,0.987666264926275,0.770852011642144,0.690196080028514,0.328379603438738,0.535294120042771,0.795184589682424,0.617000341120899,0.328379603438738,0.491361693834273,0.943494515906103,0.768638101247614,0.526339277389844,0.340444114840118,0.555094448578319,0.790988475088816,0.553883026643874,0.269512944217916,0.496929648073215,1.53769319436739
"22972","apuana","paedomorphic","Italy","Chiusdino. Siena. Toscana",1.58263143948964,1.19173039336286,1.19173039336286,0.851258348719075,0.996949248495381,0.831229693867063,0.725094521081469,0.86391737695786,0.663700925389648,0.568201724066995,0.296665190261531,0.406540180433955,0.719331286983727,0.517195897949974,0.294466226161593,0.52244423350632,0.833147111912785,0.69284691927723,0.471291711058939,0.184691430817599,0.444044795918076,0.710117365111816,0.531478917042255,0.24551266781415,0.525044807036845,1.45178643552429
"22970","apuana","paedomorphic","Italy","Chiusdino. Siena. Toscana",1.62190296089123,1.26007138798507,1.26007138798507,0.948412965778601,1.03782475058834,0.930949031167523,0.757396028793024,0.944975908412048,0.716003343634799,0.558708570533166,0.292256071356476,0.518513939877887,0.799340549453582,0.600972895686748,0.230448921378274,0.468347330412157,0.887617300335736,0.753583058892907,0.511883360978874,0.285557309007774,0.518513939877887,0.753583058892907,0.599883072073688,0.328379603438738,0.591064607026499,1.51969676715985
"22965-1","apuana","paedomorphic","Italy","Chiusdino. Siena. Toscana",1.54567814979203,1.17955179116519,1.17955179116519,0.844477175745681,0.964730921053629,0.851869600729766,0.666517980554881,0.838849090737255,0.633468455579587,0.552668216112193,0.250420002308894,0.3654879848909,0.638489256954637,0.534026106056135,0.217483944213906,0.380211241711606,0.788168371141168,0.637489729512511,0.510545010206612,0.230448921378274,0.33645973384853,0.619093330626743,0.534026106056135,0.332438459915605,0.389166084364532,1.50351831272407
"7991-1","apuana","paedomorphic","Italy","Lago Baccio. Modena",1.54057971650445,1.18012587516405,1.18012587516405,0.769377326076139,0.968482948553935,0.833147111912785,0.65417654187796,0.803457115648414,0.624282095835668,0.434568904034199,0.220108088040055,0.292256071356476,0.672097857935718,0.534026106056135,0.326335860928751,0.344392273685111,0.806179973983887,0.627365856592733,0.450249108319361,0.2405492482826,0.342422680822206,0.667452952889954,0.442479769064449,0.326335860928751,0.450249108319361,1.46893780566546
"7910","apuana","metamorphic","Italy","Lago Baccio. Modena",1.62024018984583,1.24723654950676,1.24723654950676,0.826074802700826,0.968482948553935,0.89209460269048,0.643452676486187,0.949390006644913,0.729974285699556,0.57978359661681,0.324282455297693,0.453318340047038,0.736396502276642,0.557507201905658,0.380211241711606,0.514547752660286,0.934498451243568,0.74350976472843,0.565847818673518,0.324282455297693,0.468347330412157,0.737192642704737,0.568201724066995,0.33645973384853,0.558708570533166,1.50974001557038
"7903","apuana","paedomorphic","Italy","Lago Baccio. Modena",1.64305768375145,1.26670196688409,1.27829620809127,0.819543935541869,1.02857125269254,0.895974732359065,0.674861140737812,0.940018155007663,0.752816431188271,0.65991620006985,0.354108439147401,0.45484486000851,0.662757831681574,0.565847818673518,0.356025857193123,0.625312450961674,0.872738827472669,0.755874855672491,0.582063362911709,0.332438459915605,0.517195897949974,0.716003343634799,0.565847818673518,0.382017042574868,0.546542663478131,1.56726169235387
"7920","apuana","metamorphic","Italy","Lago Baccio. Modena",1.60400993241223,1.24029958200271,1.24029958200271,0.750508394851346,0.974511692737328,0.895422546039408,0.690196080028514,0.913283901760418,0.707570176097936,0.565847818673518,0.267171728403014,0.397940008672038,0.683947130751512,0.551449997972875,0.298853076409707,0.459392487759231,0.887617300335736,0.697229342759718,0.531478917042255,0.28330122870355,0.40823996531185,0.724275869600789,0.540329474790874,0.296665190261531,0.450249108319361,1.51811894714315
"7913","apuana","paedomorphic","Italy","Lago Baccio. Modena",1.64236558084497,1.22193559982801,1.22634208716363,0.853698211776174,1,0.929418925714293,0.691081492122968,0.913283901760418,0.752048447819439,0.621176281775035,0.344392273685111,0.444044795918076,0.720159303405957,0.588831725594207,0.403120521175818,0.477121254719662,0.887054378050957,0.720985744153739,0.527629900871339,0.361727836017593,0.432969290874406,0.734799829588847,0.559906625036113,0.342422680822206,0.550228353055094,1.54752857645978
"7908","apuana","metamorphic","Italy","Lago Baccio. Modena",1.63477945814595,1.26458172923808,1.26458172923808,0.83695673705955,0.970346876230093,0.912753303671323,0.64640372622307,0.924279286061882,0.76715586608218,0.644438589467838,0.397940008672038,0.413299764081252,0.773054693364263,0.627365856592733,0.371067862271736,0.506505032404872,0.930949031167523,0.789580712164425,0.622214022966295,0.287801729930226,0.389166084364532,0.725094521081469,0.562292864456475,0.298853076409707,0.553883026643874,1.51308436046514
"7932","apuana","metamorphic","Italy","Lago Baccio. Modena",1.58950279626376,1.22608411597582,1.22608411597582,0.693726948923647,0.919078092376074,0.876794976200701,0.539076098792777,0.86391737695786,0.697229342759718,0.578639209968072,0.269512944217916,0.444044795918076,0.675778341674085,0.551449997972875,0.348304863048161,0.450249108319361,0.844477175745681,0.724275869600789,0.528916700277655,0.225309281725863,0.361727836017593,0.672097857935718,0.521138083704036,0.328379603438738,0.434568904034199,1.50718097726024
"7967","apuana","paedomorphic","Italy","Lago Baccio. Modena",1.57333584006607,1.21748394421391,1.21748394421391,0.815577748324267,0.953276336667304,0.873901597864461,0.661812685537261,0.838219221907626,0.657055852857104,0.57978359661681,0.447158031342219,0.428134794028789,0.643452676486187,0.507855871695831,0.285557309007774,0.342422680822206,0.808885867359812,0.681241237375587,0.539076098792777,0.173186268412274,0.260071387985075,0.690196080028514,0.491361693834273,0.271841606536499,0.394451680826216,1.43822580760453
"7942","apuana","paedomorphic","Italy","Lago Baccio. Modena",1.57703198562603,1.23527587668705,1.23527587668705,0.825426117767823,1.00987563371216,0.876794976200701,0.678518379040114,0.853698211776174,0.720159303405957,0.574031267727719,0.252853030979893,0.382017042574868,0.6232492903979,0.499687082618404,0.431363764158987,0.432969290874406,0.854306041801081,0.634477270160732,0.492760389026837,0.342422680822206,0.437750562820388,0.64640372622307,0.495544337546448,0.301029995663981,0.436162647040756,1.45545396877863
"7925","apuana","metamorphic","Italy","Lago Baccio. Modena",1.65243974758942,1.28397928423848,1.28397928423848,0.838849090737255,0.968015713993642,0.885361220031512,0.617000341120899,0.933993163831242,0.798650645445269,0.65991620006985,0.462397997898956,0.45178643552429,0.764922984649889,0.629409599102719,0.397940008672038,0.474216264076255,0.885926339801431,0.766412847112399,0.585460729508501,0.328379603438738,0.450249108319361,0.750508394851346,0.672097857935718,0.403120521175818,0.551449997972875,1.52917360326172
"7924","apuana","metamorphic","Italy","Lago Baccio. Modena",1.61762929775784,1.24501887073775,1.24501887073775,0.786751422145561,0.996073654485275,0.921166050637739,0.617000341120899,0.94299959336604,0.720985744153739,0.622214022966295,0.214843848047698,0.419955748489758,0.722633922533812,0.587710965018911,0.382017042574868,0.517195897949974,0.931966114728173,0.712649701627211,0.57287160220048,0.357934847000454,0.496929648073215,0.756636108245848,0.599883072073688,0.447158031342219,0.544068044350276,1.514946005308
"7966","apuana","paedomorphic","Italy","Lago Baccio. Modena",1.60379370413696,1.23628527744803,1.23628527744803,0.861534410859038,0.982723387668545,0.841984804590114,0.707570176097936,0.865103974641128,0.657055852857104,0.54282542695918,0.431363764158987,0.359835482339888,0.615950051656401,0.515873843711679,0.328379603438738,0.440909082065218,0.824776462475546,0.64640372622307,0.496929648073215,0.281033367247728,0.363611979892144,0.65991620006985,0.460897842756548,0.276461804173244,0.445604203273598,1.47885496752866
"7958","apuana","paedomorphic","Italy","Lago Baccio. Modena",1.70079022137435,1.38560627359831,1.38560627359831,0.940516484932567,1.07408468902824,0.987666264926275,0.795184589682424,0.953759691733229,0.82865989653532,0.633468455579587,0.431363764158987,0.463892988985907,0.773054693364263,0.551449997972875,0.431363764158987,0.525044807036845,0.931457870689005,0.771587480881255,0.690196080028514,0.278753600952829,0.456366033129043,0.838849090737255,0.578639209968072,0.356025857193123,0.544068044350276,1.60670374133367
"7979","apuana","metamorphic","Italy","Lago Baccio. Modena",1.62746827245971,1.26951294421792,1.26951294421792,0.799340549453582,1.00646604224923,0.942008053022313,0.632457292184724,0.933487287848705,0.777426822389311,0.597695185925512,0.222716471147583,0.568201724066995,0.741939077729199,0.584331224367531,0.389166084364532,0.499687082618404,0.925827574624742,0.786751422145561,0.612783856719735,0.292256071356476,0.445604203273598,0.742725131304698,0.539076098792777,0.385606273598312,0.518513939877887,1.54629583512144
"7941","apuana","metamorphic","Italy","Lago Baccio. Modena",1.70130888522808,1.35564305022087,1.35564305022087,0.851258348719075,1.01452053875792,0.954242509439325,0.677606952720493,0.977723605288848,0.812913356642856,0.643452676486187,0.363611979892144,0.460897842756548,0.834420703681533,0.653212513775344,0.41161970596323,0.556302500767287,0.960470777534299,0.806858029518817,0.655138434811382,0.324282455297693,0.515873843711679,0.840733234611807,0.644438589467838,0.390935107103379,0.397940008672038,1.56169753265399
"7943","apuana","paedomorphic","Italy","Lago Baccio. Modena",1.68214507637383,1.33725953975028,1.33725953975028,0.928907690243953,1.07298474462793,0.977723605288848,0.75966784468963,0.950364854376123,0.750508394851346,0.559906625036113,0.3654879848909,0.424881636631067,0.763427993562937,0.643452676486187,0.380211241711606,0.503790683057181,0.935003151453655,0.731588765186739,0.577491799837225,0.334453751150931,0.499687082618404,0.722633922533812,0.637489729512511,0.342422680822206,0.404833716619938,1.59250984790068
"7962","apuana","metamorphic","Italy","Lago Baccio. Modena",1.65243974758942,1.32180548385754,1.32180548385754,0.816241299991783,1.00432137378264,0.948901760970214,0.66838591669,0.934498451243568,0.775974331129369,0.643452676486187,0.3654879848909,0.47567118832443,0.760422483423212,0.64738297011462,0.378397900948138,0.463892988985907,0.949877704036875,0.73559889969818,0.588831725594207,0.285557309007774,0.515873843711679,0.797959643737196,0.586587304671755,0.383815365980431,0.540329474790874,1.54998361115969
"7978","apuana","paedomorphic","Italy","Lago Baccio. Modena",1.5864747785714,1.23678909940929,1.23678909940929,0.815577748324267,1.01745072951054,0.853698211776174,0.667452952889954,0.886490725172482,0.711807229041191,0.535294120042771,0.269512944217916,0.403120521175818,0.663700925389648,0.506505032404872,0.290034611362518,0.406540180433955,0.852479993636856,0.676693609624867,0.510545010206612,0.290034611362518,0.453318340047038,0.731588765186739,0.537819095073274,0.33645973384853,0.440909082065218,1.4959603948817
"7964","apuana","metamorphic","Italy","Lago Baccio. Modena",1.62096843564429,1.27300127206374,1.27300127206374,0.777426822389311,0.99563519459755,0.944975908412048,0.653212513775344,0.950851458888546,0.769377326076139,0.612783856719735,0.27415784926368,0.416640507338281,0.712649701627211,0.633468455579587,0.389166084364532,0.518513939877887,0.924279286061882,0.748962861256161,0.557507201905658,0.462397997898956,0.429752280002408,0.769377326076139,0.552668216112193,0.40823996531185,0.57978359661681,1.50785587169583
"7956","apuana","paedomorphic","Italy","Lago Baccio. Modena",1.73013600399668,1.40346370134532,1.40346370134532,0.942504106168081,1.0920184707528,1.03702787975578,0.788875115775417,1.02938377768521,0.887617300335736,0.718501688867274,0.406540180433955,0.52244423350632,0.851258348719075,0.695481676490197,0.423245873936808,0.505149978319906,0.999130541287371,0.883661435153618,0.685741738602264,0.367355921026019,0.468347330412157,0.81424759573192,0.648360010980932,0.382017042574868,0.544068044350276,1.65896484266444
"7987","apuana","metamorphic","Italy","Lago Baccio. Modena",1.6398847419163,1.29446622616159,1.29446622616159,0.813580988568192,0.993436230497612,0.933487287848705,0.634477270160732,0.942008053022313,0.751279103983342,0.587710965018911,0.264817823009536,0.426511261364575,0.802089257881733,0.571708831808688,0.328379603438738,0.465382851448418,0.925827574624742,0.838849090737255,0.600972895686748,0.359835482339888,0.509202522331103,0.761175813155731,0.578639209968072,0.406540180433955,0.510545010206612,1.56902258602956
"7990","apuana","metamorphic","Italy","Lago Baccio. Modena",1.53630587235103,1.16286299332193,1.16286299332193,0.681241237375587,0.913283901760418,0.816241299991783,0.552668216112193,0.82020145948564,0.681241237375587,0.526339277389844,0.176091259055681,0.350248018334163,0.650307523131936,0.54282542695918,0.187520720836463,0.426511261364575,0.807535028068853,0.68930885912362,0.47567118832443,0.193124598354462,0.462397997898956,0.695481676490197,0.428134794028789,0.222716471147583,0.380211241711606,1.45178643552429
"7935","apuana","metamorphic","Italy","Lago Baccio. Modena",1.50987428500472,1.17231096852195,1.17231096852195,0.716003343634799,0.913813852383717,0.826722520168992,0.546542663478131,0.853089529851866,0.693726948923647,0.575187844927661,0.250420002308894,0.250420002308894,0.656098202012832,0.517195897949974,0.276461804173244,0.344392273685111,0.812244696800369,0.698970004336019,0.523746466811564,0.20682587603185,0.361727836017593,0.681241237375587,0.44870631990508,0.214843848047698,0.338456493604605,1.46389298898591
"22887","apuana","metamorphic","Italy","Costa Rimacina. Luriano. Chindino.Siena. Toscana",1.62117628177504,1.23477029516092,1.24551266781415,0.837588438235511,0.993876914941211,0.885361220031512,0.653212513775344,0.89209460269048,0.791690649020118,0.600972895686748,0.3654879848909,0.46686762035411,0.7481880270062,0.620136054973757,0.361727836017593,0.527629900871339,0.8926510338773,0.792391689498254,0.617000341120899,0.385606273598312,0.503790683057181,0.769377326076139,0.625312450961674,0.413299764081252,0.539076098792777,1.48939592172713
"22886","apuana","metamorphic","Italy","Costa Rimacina. Luriano. Chindino.Siena. Toscana",1.65359838184329,1.33665982345442,1.33665982345442,0.913813852383717,0.989449817666692,0.890421018800914,0.674861140737812,0.90036712865647,0.808210972924222,0.649334858712142,0.361727836017593,0.477121254719662,0.771587480881255,0.633468455579587,0.390935107103379,0.527629900871339,0.921686475483602,0.838849090737255,0.59659709562646,0.287801729930226,0.568201724066995,0.770115294787102,0.587710965018911,0.380211241711606,0.571708831808688,1.45848676379821
"22889","apuana","metamorphic","Italy","Costa Rimacina. Luriano. Chindino.Siena. Toscana",1.68385720540035,1.37566361396089,1.38399478944173,0.854306041801081,1.01241537476243,0.94101424370557,0.676693609624867,0.926342446625655,0.804820678721162,0.672097857935718,0.380211241711606,0.432969290874406,0.826074802700826,0.630427875025024,0.352182518111362,0.501059262217751,0.922206277439016,0.795184589682424,0.589949601325708,0.346352974450639,0.514547752660286,0.773786444981194,0.619093330626743,0.330413773349191,0.511883360978874,1.56655533088306
"22891","apuana","metamorphic","Italy","Costa Rimacina. Luriano. Chindino.Siena. Toscana",1.66247450375031,1.35063560825895,1.35063560825895,0.865103974641128,1.03342375548695,0.919601023784111,0.640481436970422,0.949390006644913,0.788168371141168,0.633468455579587,0.342422680822206,0.518513939877887,0.750508394851346,0.672097857935718,0.363611979892144,0.534026106056135,0.901458321396112,0.797267540830716,0.602059991327962,0.33645973384853,0.517195897949974,0.741151598851785,0.575187844927661,0.406540180433955,0.468347330412157,1.54381980514266
"22888","apuana","metamorphic","Italy","Costa Rimacina. Luriano. Chindino.Siena. Toscana",1.68475562210862,1.37438169805088,1.37438169805088,0.880813592280791,1.01745072951054,0.932473764677153,0.69196510276736,0.954242509439325,0.838219221907626,0.577491799837225,0.338456493604605,0.47567118832443,0.79657433321043,0.649334858712142,0.396199347095736,0.502427119984433,0.919078092376074,0.818225893613955,0.633468455579587,0.3654879848909,0.523746466811564,0.773054693364263,0.648360010980932,0.389166084364532,0.570542939881898,1.57576498053672
"22890","apuana","metamorphic","Italy","Costa Rimacina. Luriano. Chindino.Siena. Toscana",1.66351247041516,1.37548071461857,1.37548071461857,0.916980047320382,1.02242837118549,0.922206277439016,0.666517980554881,0.90036712865647,0.776701183988411,0.599883072073688,0.371067862271736,0.453318340047038,0.813580988568192,0.589949601325708,0.367355921026019,0.507855871695831,0.8819549713396,0.786751422145561,0.622214022966295,0.346352974450639,0.46686762035411,0.770852011642144,0.629409599102719,0.330413773349191,0.534026106056135,1.50338206347373
"22916","apuana","paedomorphic","Italy","Costa Rimacina. Luriano. Chindino.Siena. Toscana",1.5999921775841,1.24600590407603,1.24600590407603,0.889861721258188,0.980911937776844,0.829303772831025,0.688419822002711,0.854306041801081,0.740362689494244,0.584331224367531,0.292256071356476,0.440909082065218,0.681241237375587,0.564666064252089,0.290034611362518,0.568201724066995,0.833147111912785,0.727541257028556,0.534026106056135,0.276461804173244,0.406540180433955,0.662757831681574,0.505149978319906,0.342422680822206,0.472756449317212,1.45423489574827
"22899","apuana","paedomorphic","Italy","Costa Rimacina. Luriano. Chindino.Siena. Toscana",1.5971464878337,1.22814360759774,1.23350376034113,0.911157608739977,0.969415912353981,0.86391737695786,0.76715586608218,0.851869600729766,0.711807229041191,0.547774705387823,0.238046103128795,0.434568904034199,0.716003343634799,0.569373909615046,0.338456493604605,0.503790683057181,0.832508912706236,0.749736315569061,0.509202522331103,0.271841606536499,0.431363764158987,0.667452952889954,0.549003262025788,0.371067862271736,0.574031267727719,1.46819958607261
"22918","apuana","paedomorphic","Italy","Costa Rimacina. Luriano. Chindino.Siena. Toscana",1.61479179195642,1.21085336531489,1.21085336531489,0.886490725172482,1.00560944536028,0.8819549713396,0.683947130751512,0.873320601815399,0.755874855672491,0.583198773968623,0.334453751150931,0.502427119984433,0.761175813155731,0.588831725594207,0.3654879848909,0.52244423350632,0.869231719730976,0.745855195173729,0.559906625036113,0.260071387985075,0.514547752660286,0.755112266395071,0.541579243946581,0.392696953259666,0.630427875025024,1.47085132452612
"22917","apuana","paedomorphic","Italy","Costa Rimacina. Luriano. Chindino.Siena. Toscana",1.63818964019084,1.25863728272408,1.26434550705009,0.914343157119441,1.04060234011407,0.913813852383717,0.726727209026572,0.866287339084195,0.770852011642144,0.643452676486187,0.332438459915605,0.465382851448418,0.734799829588847,0.592176757395867,0.378397900948138,0.614897216033135,0.924279286061882,0.763427993562937,0.600972895686748,0.281033367247728,0.537819095073274,0.721810615212547,0.555094448578319,0.3654879848909,0.599883072073688,1.50105926221775
"22895","apuana","paedomorphic","Italy","Costa Rimacina. Luriano. Chindino.Siena. Toscana",1.65427282709771,1.28216877830464,1.29247759366778,0.931966114728173,1.03100428136354,0.916453948549925,0.710963118995276,0.873901597864461,0.777426822389311,0.653212513775344,0.342422680822206,0.509202522331103,0.775246259740236,0.550228353055094,0.387389826338729,0.584331224367531,0.890421018800914,0.812913356642856,0.589949601325708,0.296665190261531,0.525044807036845,0.725094521081469,0.513217600067939,0.338456493604605,0.545307116465824,1.48869169831694
"22894","apuana","paedomorphic","Italy","Costa Rimacina. Luriano. Chindino.Siena. Toscana",1.58399179919832,1.2523675144599,1.2523675144599,0.863322860120456,0.981818607170664,0.856728890382883,0.617000341120899,0.840106094456758,0.665580991017953,0.515873843711679,0.255272505103306,0.591064607026499,0.65991620006985,0.52244423350632,0.287801729930226,0.53655844257153,0.835690571492426,0.740362689494244,0.521138083704036,0.220108088040055,0.413299764081252,0.677606952720493,0.523746466811564,0.324282455297693,0.477121254719662,1.47304880508854
"22898","apuana","paedomorphic","Italy","Costa Rimacina. Luriano. Chindino.Siena. Toscana",1.62065647981962,1.25503116334555,1.25503116334555,0.840106094456758,0.945960703577569,0.843855422623161,0.724275869600789,0.872156272748293,0.712649701627211,0.535294120042771,0.198657086954423,0.390935107103379,0.682145076373832,0.528916700277655,0.285557309007774,0.4983105537896,0.877946951629188,0.713490543093943,0.583198773968623,0.2405492482826,0.4983105537896,0.757396028793024,0.523746466811564,0.290034611362518,0.509202522331103,1.45224657452044
"22892","apuana","paedomorphic","Italy","Costa Rimacina. Luriano. Chindino.Siena. Toscana",1.61898892036493,1.27253777737524,1.27253777737524,0.875639937004168,0.994756944587628,0.90848501887865,0.694605198933569,0.862131379313037,0.765668554759014,0.585460729508501,0.326335860928751,0.419955748489758,0.728353782021228,0.552668216112193,0.371067862271736,0.527629900871339,0.862131379313037,0.770852011642144,0.549003262025788,0.342422680822206,0.4983105537896,0.747411807886423,0.565847818673518,0.380211241711606,0.559906625036113,1.46389298898591
"22897","apuana","paedomorphic","Italy","Costa Rimacina. Luriano. Chindino.Siena. Toscana",1.61552922363713,1.21642983087625,1.23502315949522,0.911690158753861,1.01283722470517,0.878521795501206,0.707570176097936,0.868644438394826,0.752816431188271,0.565847818673518,0.301029995663981,0.46686762035411,0.741939077729199,0.534026106056135,0.322219294733919,0.546542663478131,0.868644438394826,0.838849090737255,0.571708831808688,0.260071387985075,0.428134794028789,0.760422483423212,0.575187844927661,0.356025857193123,0.534026106056135,1.52504480703685
"22919","apuana","paedomorphic","Italy","Costa Rimacina. Luriano. Chindino.Siena. Toscana",1.57657168406529,1.19755621315354,1.19755621315354,0.801403710017355,0.99211148778695,0.860338006570994,0.674861140737812,0.851869600729766,0.763427993562937,0.568201724066995,0.243038048686294,0.44870631990508,0.708420900134713,0.544068044350276,0.380211241711606,0.426511261364575,0.859738566197147,0.732393759822969,0.559906625036113,0.342422680822206,0.57978359661681,0.721810615212547,0.549003262025788,0.367355921026019,0.574031267727719,1.41027096425218
"22893","apuana","paedomorphic","Italy","Costa Rimacina. Luriano. Chindino.Siena. Toscana",1.64177147065396,1.26078666865498,1.26078666865498,0.91487181754005,1.03542973818455,0.920123326290724,0.72916478969277,0.865103974641128,0.806179973983887,0.53655844257153,0.322219294733919,0.569373909615046,0.744292983122676,0.633468455579587,0.380211241711606,0.530199698203082,0.88930170250631,0.8109042806687,0.626340367375042,0.401400540781544,0.534026106056135,0.75966784468963,0.639486489268586,0.44870631990508,0.583198773968623,1.52904517076577
"22896","apuana","paedomorphic","Italy","Costa Rimacina. Luriano. Chindino.Siena. Toscana",1.5992278627738,1.22711508258913,1.22711508258913,0.88309335857569,0.994317152669637,0.865696059916071,0.68930885912362,0.841359470454855,0.73559889969818,0.597695185925512,0.214843848047698,0.376576957056512,0.682145076373832,0.509202522331103,0.340444114840118,0.419955748489758,0.870403905279027,0.740362689494244,0.530199698203082,0.2405492482826,0.474216264076255,0.726727209026572,0.577491799837225,0.447158031342219,0.518513939877887,1.40363518979055
"22905","apuana","paedomorphic","Italy","Costa Rimacina. Luriano. Chindino.Siena. Toscana",1.61310151696691,1.26458172923808,1.26458172923808,0.90848501887865,1.01703333929878,0.8926510338773,0.68304703823885,0.862727528317975,0.786751422145561,0.672097857935718,0.262451089730429,0.434568904034199,0.732393759822969,0.518513939877887,0.285557309007774,0.421603926869831,0.89209460269048,0.739572344450092,0.59659709562646,0.209515014542631,0.363611979892144,0.795184589682424,0.544068044350276,0.292256071356476,0.460897842756548,1.49066065335614
"22911","apuana","paedomorphic","Italy","Costa Rimacina. Luriano. Chindino.Siena. Toscana",1.60238559010511,1.26481782300954,1.26481782300954,0.874481817699467,0.988112840268352,0.870403905279027,0.655138434811382,0.833147111912785,0.755874855672491,0.571708831808688,0.178976947293169,0.387389826338729,0.69284691927723,0.690196080028514,0.342422680822206,0.404833716619938,0.824776462475546,0.711807229041191,0.534026106056135,0.209515014542631,0.298853076409707,0.708420900134713,0.544068044350276,0.232996110392154,0.338456493604605,1.49136169383427
"22904","apuana","paedomorphic","Italy","Costa Rimacina. Luriano. Chindino.Siena. Toscana",1.62065647981962,1.2718416065365,1.27253777737524,0.944482672150169,1.01325866528352,0.90036712865647,0.69810054562339,0.854913022307856,0.710963118995276,0.545307116465824,0.361727836017593,0.348304863048161,0.727541257028556,0.597695185925512,0.447158031342219,0.434568904034199,0.853698211776174,0.785329835010767,0.574031267727719,0.217483944213906,0.442479769064449,0.741939077729199,0.563481085394411,0.330413773349191,0.404833716619938,1.50160692241883
"22923","apuana","paedomorphic","Italy","Costa Rimacina. Luriano. Chindino.Siena. Toscana",1.61752453488629,1.3096301674259,1.3096301674259,0.902002891350729,1.02571538390134,0.8819549713396,0.669316880566112,0.851258348719075,0.685741738602264,0.553883026643874,0.238046103128795,0.369215857410143,0.7481880270062,0.577491799837225,0.431363764158987,0.462397997898956,0.833147111912785,0.685741738602264,0.521138083704036,0.235528446907549,0.445604203273598,0.732393759822969,0.495544337546448,0.250420002308894,0.414973347970818,1.46775605124403
"22906","apuana","paedomorphic","Italy","Costa Rimacina. Luriano. Chindino.Siena. Toscana",1.6195107208385,1.29578694025161,1.29578694025161,0.897627091290441,0.990782691803138,0.873320601815399,0.6414741105041,0.858537197569639,0.755112266395071,0.57287160220048,0.247973266361807,0.403120521175818,0.732393759822969,0.577491799837225,0.431363764158987,0.457881896733992,0.88252453795488,0.754348335711019,0.502427119984433,0.235528446907549,0.41161970596323,0.744292983122676,0.506505032404872,0.462397997898956,0.469822015978163,1.48201557645071
"22903","apuana","paedomorphic","Italy","Costa Rimacina. Luriano. Chindino.Siena. Toscana",1.6341748717626,1.28600712207947,1.28847280059978,0.920123326290724,1.02077548819356,0.929418925714293,0.694605198933569,0.903089986991944,0.756636108245848,0.570542939881898,0.217483944213906,0.419955748489758,0.719331286983727,0.569373909615046,0.354108439147401,0.444044795918076,0.898725181589494,0.742725131304698,0.518513939877887,0.250420002308894,0.501059262217751,0.717670503002262,0.550228353055094,0.397940008672038,0.462397997898956,1.51982799377572
"22914","apuana","paedomorphic","Italy","Costa Rimacina. Luriano. Chindino.Siena. Toscana",1.65724712988372,1.34242268082221,1.34242268082221,0.910090545594068,1.01367969729119,0.910090545594068,0.724275869600789,0.89707700320942,0.730782275666389,0.617000341120899,0.269512944217916,0.404833716619938,0.740362689494244,0.561101383649056,0.334453751150931,0.469822015978163,0.89209460269048,0.736396502276642,0.526339277389844,0.232996110392154,0.491361693834273,0.7481880270062,0.531478917042255,0.322219294733919,0.463892988985907,1.52750101098112
"22907","apuana","paedomorphic","Italy","Costa Rimacina. Luriano. Chindino.Siena. Toscana",1.62654565902713,1.32448823330766,1.32448823330766,0.898176483497677,1.0111473607758,0.91539983521227,0.669316880566112,0.868056361823042,0.763427993562937,0.544068044350276,0.204119982655925,0.356025857193123,0.73319726510657,0.547774705387823,0.356025857193123,0.421603926869831,0.867467487859051,0.746634198937579,0.532754378992498,0.235528446907549,0.4983105537896,0.710963118995276,0.563481085394411,0.33645973384853,0.472756449317212,1.47712125471966
"22900","apuana","paedomorphic","Italy","Costa Rimacina. Luriano. Chindino.Siena. Toscana",1.64335396197686,1.27829620809127,1.27829620809127,0.928907690243953,1.0920184707528,0.949390006644913,0.725911632295048,0.937016107464814,0.812913356642856,0.582063362911709,0.324282455297693,0.462397997898956,0.786751422145561,0.570542939881898,0.287801729930226,0.505149978319906,0.944482672150169,0.786751422145561,0.564666064252089,0.350248018334163,0.472756449317212,0.775246259740236,0.591064607026499,0.3654879848909,0.47567118832443,1.51094694867297
"22920","apuana","paedomorphic","Italy","Costa Rimacina. Luriano. Chindino.Siena. Toscana",1.63968566124268,1.28103336724773,1.28103336724773,0.8750612633917,1.03622954408629,0.900913067737669,0.685741738602264,0.8926510338773,0.808210972924222,0.582063362911709,0.269512944217916,0.332438459915605,0.806179973983887,0.632457292184724,0.33645973384853,0.456366033129043,0.889861721258188,0.764922984649889,0.57978359661681,0.271841606536499,0.403120521175818,0.81690383937566,0.580924975675619,0.342422680822206,0.491361693834273,1.51321760006794
"22901","apuana","paedomorphic","Italy","Costa Rimacina. Luriano. Chindino.Siena. Toscana",1.58994960132571,1.29666519026153,1.29666519026153,0.897627091290441,0.990782691803138,0.844477175745681,0.678518379040114,0.81888541459401,0.726727209026572,0.578639209968072,0.214843848047698,0.346352974450639,0.723455672035186,0.563481085394411,0.324282455297693,0.392696953259666,0.868644438394826,0.745074791582057,0.547774705387823,0.225309281725863,0.348304863048161,0.739572344450092,0.521138083704036,0.296665190261531,0.396199347095736,1.48287358360875
"22902","apuana","paedomorphic","Italy","Costa Rimacina. Luriano. Chindino.Siena. Toscana",1.58905553105234,1.22737244228964,1.22737244228964,0.876217840591642,0.983175072037813,0.866877814337499,0.671172842715083,0.858537197569639,0.763427993562937,0.571708831808688,0.250420002308894,0.394451680826216,0.720985744153739,0.528916700277655,0.267171728403014,0.418301291319745,0.845098040014257,0.729974285699556,0.549003262025788,0.227886704613674,0.453318340047038,0.718501688867274,0.53655844257153,0.285557309007774,0.401400540781544,1.49734438101758
"22910","apuana","paedomorphic","Italy","Costa Rimacina. Luriano. Chindino.Siena. Toscana",1.63427569462594,1.25382243870807,1.25382243870807,0.953276336667304,1.04099769242349,0.910624404889201,0.717670503002262,0.912222056532416,0.808885867359812,0.595496221825574,0.298853076409707,0.463892988985907,0.79448804665917,0.59659709562646,0.352182518111362,0.577491799837225,0.916453948549925,0.792391689498254,0.594392550375427,0.397940008672038,0.47567118832443,0.795184589682424,0.547774705387823,0.328379603438738,0.471291711058939,1.49679131570004
"22913","apuana","paedomorphic","Italy","Costa Rimacina. Luriano. Chindino.Siena. Toscana",1.6341748717626,1.26881190373978,1.27415784926368,0.901458321396112,1.02897770520878,0.913813852383717,0.716003343634799,0.885361220031512,0.761175813155731,0.519827993775719,0.227886704613674,0.439332693830263,0.762678563727436,0.577491799837225,0.338456493604605,0.568201724066995,0.894869656745253,0.710117365111816,0.513217600067939,0.301029995663981,0.591064607026499,0.768638101247614,0.551449997972875,0.324282455297693,0.428134794028789,1.49094120535679
"22909","apuana","paedomorphic","Italy","Costa Rimacina. Luriano. Chindino.Siena. Toscana",1.57019256109573,1.22245633667925,1.22245633667925,0.842609239610562,0.984077033902831,0.844477175745681,0.667452952889954,0.843855422623161,0.697229342759718,0.523746466811564,0.136720567156407,0.374748346010104,0.724275869600789,0.507855871695831,0.271841606536499,0.371067862271736,0.838219221907626,0.66838591669,0.503790683057181,0.190331698170291,0.396199347095736,0.686636269262293,0.519827993775719,0.281033367247728,0.376576957056512,1.45499721730946
"22912","apuana","paedomorphic","Italy","Costa Rimacina. Luriano. Chindino.Siena. Toscana",1.57783634129274,1.24600590407603,1.24600590407603,0.8561244442423,1.01283722470517,0.82865989653532,0.635483746814912,0.811575005870593,0.747411807886423,0.531478917042255,0.152288344383056,0.330413773349191,0.717670503002262,0.53655844257153,0.278753600952829,0.374748346010104,0.81888541459401,0.673941998634088,0.530199698203082,0.247973266361807,0.437750562820388,0.712649701627211,0.544068044350276,0.447158031342219,0.491361693834273,1.49582175338591
"22908","apuana","paedomorphic","Italy","Costa Rimacina. Luriano. Chindino.Siena. Toscana",1.63032615480395,1.29424571613812,1.29424571613812,0.903089986991944,1.03422726077055,0.923244018630276,0.678518379040114,0.924279286061882,0.778151250383644,0.690196080028514,0.187520720836463,0.255272505103306,0.751279103983342,0.621176281775035,0.260071387985075,0.424881636631067,0.870403905279027,0.742725131304698,0.547774705387823,0.2405492482826,0.556302500767287,0.734799829588847,0.602059991327962,0.324282455297693,0.437750562820388,1.49609899213257
"22922","apuana","paedomorphic","Italy","Costa Rimacina. Luriano. Chindino.Siena. Toscana",1.61647551388857,1.29928933408768,1.29928933408768,0.878521795501206,1.01157044359728,0.885361220031512,0.686636269262293,0.883661435153618,0.724275869600789,0.552668216112193,0.201397124320452,0.416640507338281,0.755112266395071,0.557507201905658,0.397940008672038,0.439332693830263,0.869231719730976,0.745074791582057,0.507855871695831,0.235528446907549,0.424881636631067,0.741939077729199,0.503790683057181,0.247973266361807,0.406540180433955,1.51587384371168
"22921","apuana","paedomorphic","Italy","Costa Rimacina. Luriano. Chindino.Siena. Toscana",1.60541279815305,1.23426412437879,1.23426412437879,0.857332496431269,1.01367969729119,0.916453948549925,0.724275869600789,0.887054378050957,0.73559889969818,0.618048096712093,0.238046103128795,0.399673721481038,0.719331286983727,0.527629900871339,0.330413773349191,0.459392487759231,0.867467487859051,0.776701183988411,0.569373909615046,0.212187604403958,0.330413773349191,0.732393759822969,0.541579243946581,0.324282455297693,0.429752280002408,1.47552591503928
"22935","apuana","metamorphic","Italy","Lago Baccio. Modena",1.63367040605144,1.28936595152003,1.28936595152003,0.81888541459401,0.993436230497612,0.8926510338773,0.658964842664435,0.891537457672564,0.744292983122676,0.600972895686748,0.332438459915605,0.450249108319361,0.751279103983342,0.643452676486187,0.390935107103379,0.551449997972875,0.916980047320382,0.753583058892907,0.633468455579587,0.328379603438738,0.505149978319906,0.736396502276642,0.574031267727719,0.378397900948138,0.525044807036845,1.48372989900002
"22933","apuana","metamorphic","Italy","Lago Baccio. Modena",1.6699673699085,1.30427505047713,1.30427505047713,0.8208579894397,1.01072386539177,0.965671971220107,0.713490543093943,0.951337518795918,0.795184589682424,0.683947130751512,0.428134794028789,0.519827993775719,0.766412847112399,0.602059991327962,0.447158031342219,0.545307116465824,0.940516484932567,0.77232170672292,0.64738297011462,0.382017042574868,0.526339277389844,0.776701183988411,0.633468455579587,0.444044795918076,0.591064607026499,1.57783634129274
"22932","apuana","metamorphic","Italy","Lago Baccio. Modena",1.57229060615142,1.19589965240923,1.17983892802319,0.756636108245848,0.948412965778601,0.868056361823042,0.575187844927661,0.851258348719075,0.670245853074124,0.531478917042255,0.260071387985075,0.374748346010104,0.649334858712142,0.507855871695831,0.342422680822206,0.431363764158987,0.854306041801081,0.710963118995276,0.494154594018443,0.28330122870355,0.531478917042255,0.694605198933569,0.550228353055094,0.380211241711606,0.544068044350276,1.48501121457857
"22931","apuana","metamorphic","Italy","Lago Baccio. Modena",1.62592949271629,1.26410915630581,1.26410915630581,0.788875115775417,0.992995098431341,0.914343157119441,0.635483746814912,0.929929560084588,0.753583058892907,0.59659709562646,0.298853076409707,0.429752280002408,0.7481880270062,0.594392550375427,0.421603926869831,0.557507201905658,0.865103974641128,0.769377326076139,0.571708831808688,0.357934847000454,0.510545010206612,0.711807229041191,0.539076098792777,0.372912002970107,0.462397997898956,1.52270499273475
"22934","apuana","metamorphic","Italy","Lago Baccio. Modena",1.56002624891289,1.18525876529659,1.19617618503997,0.739572344450092,0.941511432634403,0.884795363948981,0.575187844927661,0.884795363948981,0.709269960975831,0.547774705387823,0.187520720836463,0.350248018334163,0.666517980554881,0.532754378992498,0.352182518111362,0.396199347095736,0.84323277809801,0.685741738602264,0.495544337546448,0.232996110392154,0.397940008672038,0.677606952720493,0.491361693834273,0.290034611362518,0.389166084364532,1.42845877351558
"22927","apuana","paedomorphic","Italy","Lago Baccio. Modena",1.70389295363254,1.34004731766139,1.34004731766139,0.893761762057943,1.10277661488344,1.01283722470517,0.771587480881255,0.9804578922761,0.826722520168992,0.677606952720493,0.342422680822206,0.510545010206612,0.886490725172482,0.657055852857104,0.41161970596323,0.535294120042771,0.968482948553935,0.851869600729766,0.684845361644412,0.352182518111362,0.460897842756548,0.815577748324267,0.649334858712142,0.396199347095736,0.53655844257153,1.61961500574281
"22926","apuana","paedomorphic","Italy","Lago Baccio. Modena",1.72867836685091,1.38345629652475,1.38345629652475,0.93801909747621,1.10720996964787,1.05269394192497,0.766412847112399,1.02897770520878,0.90848501887865,0.7481880270062,0.367355921026019,0.539076098792777,0.827369273053825,0.712649701627211,0.41161970596323,0.53655844257153,1.02571538390134,0.886490725172482,0.674861140737812,0.389166084364532,0.523746466811564,0.858537197569639,0.651278013998144,0.44870631990508,0.591064607026499,1.66048601578497
"22928","apuana","paedomorphic","Italy","Lago Baccio. Modena",1.698535492562,1.31973049433022,1.31785448933147,0.928395852256714,1.08778141780954,1.01535975540921,0.742725131304698,0.997823080745725,0.853089529851866,0.724275869600789,0.418301291319745,0.518513939877887,0.8208579894397,0.740362689494244,0.459392487759231,0.612783856719735,0.964259630196849,0.885926339801431,0.652246341003323,0.409933123331295,0.557507201905658,0.886490725172482,0.69196510276736,0.471291711058939,0.672097857935718,1.64650175003161
"20401","apuana","metamorphic","Italy","Costa Rimacina. Luriano. Chindino.Siena. Toscana",1.61331316145546,1.23527587668705,1.23527587668705,0.833147111912785,0.949390006644913,0.88930170250631,0.660865478003869,0.916980047320382,0.775246259740236,0.679427896612119,0.369215857410143,0.450249108319361,0.740362689494244,0.598790506763115,0.401400540781544,0.552668216112193,0.877371345869774,0.753583058892907,0.570542939881898,0.350248018334163,0.457881896733992,0.686636269262293,0.57978359661681,0.419955748489758,0.521138083704036,1.50866436305294
"20403","apuana","metamorphic","Italy","Costa Rimacina. Luriano. Chindino.Siena. Toscana",1.62107237114363,1.26481782300954,1.26481782300954,0.826722520168992,0.963787827345555,0.896526217489555,0.679427896612119,0.942008053022313,0.73559889969818,0.636487896353365,0.354108439147401,0.518513939877887,0.737987326333431,0.587710965018911,0.371067862271736,0.503790683057181,0.890979596989689,0.762678563727436,0.636487896353365,0.374748346010104,0.462397997898956,0.722633922533812,0.600972895686748,0.392696953259666,0.499687082618404,1.49471102520526
"20402","apuana","metamorphic","Italy","Costa Rimacina. Luriano. Chindino.Siena. Toscana",1.5971464878337,1.21774707326279,1.21774707326279,0.801403710017355,0.959518376972998,0.890421018800914,0.632457292184724,0.883661435153618,0.812913356642856,0.632457292184724,0.296665190261531,0.469822015978163,0.776701183988411,0.57978359661681,0.374748346010104,0.534026106056135,0.873901597864461,0.752048447819439,0.635483746814912,0.285557309007774,0.45484486000851,0.7481880270062,0.630427875025024,0.363611979892144,0.4983105537896,1.48258776952677
"20404","apuana","paedomorphic","Italy","Costa Rimacina. Luriano. Chindino.Siena. Toscana",1.60336092434838,1.24600590407603,1.24600590407603,0.811575005870593,0.972202838379065,0.872738827472669,0.691081492122968,0.885926339801431,0.787460474518415,0.613841821876069,0.33645973384853,0.416640507338281,0.753583058892907,0.613841821876069,0.356025857193123,0.518513939877887,0.877371345869774,0.665580991017953,0.580924975675619,0.334453751150931,0.460897842756548,0.713490543093943,0.631443769013172,0.374748346010104,0.471291711058939,1.44075170047919
"20407","apuana","paedomorphic","Italy","Costa Rimacina. Luriano. Chindino.Siena. Toscana",1.57680189582891,1.17231096852195,1.17231096852195,0.857332496431269,0.960470777534299,0.862727528317975,0.694605198933569,0.862727528317975,0.749736315569061,0.612783856719735,0.276461804173244,0.387389826338729,0.740362689494244,0.574031267727719,0.332438459915605,0.431363764158987,0.861534410859038,0.749736315569061,0.59659709562646,0.257678574869184,0.409933123331295,0.634477270160732,0.509202522331103,0.334453751150931,0.457881896733992,1.43949059038968
"20406","apuana","paedomorphic","Italy","Costa Rimacina. Luriano. Chindino.Siena. Toscana",1.5842181121174,1.19617618503997,1.19617618503997,0.8208579894397,0.962842681201242,0.857332496431269,0.732393759822969,0.869231719730976,0.716837723299524,0.565847818673518,0.462397997898956,0.392696953259666,0.749736315569061,0.588831725594207,0.462397997898956,0.418301291319745,0.834420703681533,0.715167357848458,0.587710965018911,0.397940008672038,0.45484486000851,0.676693609624867,0.580924975675619,0.350248018334163,0.491361693834273,1.42439155441028
"20408","apuana","paedomorphic","Italy","Costa Rimacina. Luriano. Chindino.Siena. Toscana",1.56561172490206,1.18098558078673,1.18098558078673,0.787460474518415,0.950851458888546,0.840106094456758,0.627365856592733,0.864511081058392,0.751279103983342,0.528916700277655,0.281033367247728,0.332438459915605,0.716003343634799,0.537819095073274,0.431363764158987,0.44870631990508,0.841359470454855,0.769377326076139,0.57287160220048,0.262451089730429,0.426511261364575,0.737192642704737,0.547774705387823,0.322219294733919,0.453318340047038,1.44075170047919
"20405","apuana","paedomorphic","Italy","Costa Rimacina. Luriano. Chindino.Siena. Toscana",1.58793534863636,1.19117145572856,1.19117145572856,0.837588438235511,1.01828430842653,0.866877814337499,0.696356388733332,0.893761762057943,0.707570176097936,0.57978359661681,0.298853076409707,0.380211241711606,0.695481676490197,0.54282542695918,0.462397997898956,0.41161970596323,0.860338006570994,0.725094521081469,0.587710965018911,0.281033367247728,0.432969290874406,0.717670503002262,0.586587304671755,0.350248018334163,0.501059262217751,1.39058187855044
"20413","apuana","paedomorphic","Italy","Costa Rimacina. Luriano. Chindino.Siena. Toscana",1.5950550897593,1.23350376034113,1.23350376034113,0.853089529851866,0.986771734266245,0.88252453795488,0.666517980554881,0.8819549713396,0.750508394851346,0.582063362911709,0.281033367247728,0.363611979892144,0.752048447819439,0.620136054973757,0.285557309007774,0.439332693830263,0.852479993636856,0.777426822389311,0.518513939877887,0.252853030979893,0.328379603438738,0.773786444981194,0.592176757395867,0.225309281725863,0.390935107103379,1.46508528755743
"20409","apuana","paedomorphic","Italy","Costa Rimacina. Luriano. Chindino.Siena. Toscana",1.61552922363713,1.23603314711764,1.23603314711764,0.866877814337499,1.03742649794062,0.897627091290441,0.741151598851785,0.929929560084588,0.768638101247614,0.629409599102719,0.414973347970818,0.418301291319745,0.799340549453582,0.6232492903979,0.385606273598312,0.465382851448418,0.890421018800914,0.841359470454855,0.637489729512511,0.278753600952829,0.439332693830263,0.880813592280791,0.631443769013172,0.338456493604605,0.513217600067939,1.49136169383427
"20414","apuana","paedomorphic","Italy","Costa Rimacina. Luriano. Chindino.Siena. Toscana",1.5931752634781,1.2380461031288,1.2380461031288,0.829946695941636,1.0265332645233,0.876217840591642,0.693726948923647,0.863322860120456,0.755874855672491,0.523746466811564,0.232996110392154,0.285557309007774,0.717670503002262,0.549003262025788,0.262451089730429,0.361727836017593,0.885926339801431,0.727541257028556,0.54282542695918,0.173186268412274,0.392696953259666,0.648360010980932,0.591064607026499,0.198657086954423,0.359835482339888,1.48330195235817
"20418","apuana","paedomorphic","Italy","Costa Rimacina. Luriano. Chindino.Siena. Toscana",1.54654266347813,1.16761267272753,1.16761267272753,0.841984804590114,0.946943270697825,0.807535028068853,0.661812685537261,0.836324115706752,0.741939077729199,0.518513939877887,0.190331698170291,0.294466226161593,0.672097857935718,0.515873843711679,0.225309281725863,0.376576957056512,0.83695673705955,0.725911632295048,0.591064607026499,0.230448921378274,0.363611979892144,0.655138434811382,0.576341350205793,0.269512944217916,0.429752280002408,1.47523522260413
"20417","apuana","paedomorphic","Italy","Costa Rimacina. Luriano. Chindino.Siena. Toscana",1.54580175715928,1.15167623084705,1.15167623084705,0.795184589682424,0.939519252618618,0.880813592280791,0.622214022966295,0.869231719730976,0.709269960975831,0.507855871695831,0.212187604403958,0.429752280002408,0.725094521081469,0.511883360978874,0.276461804173244,0.390935107103379,0.886490725172482,0.731588765186739,0.517195897949974,0.164352855784437,0.344392273685111,0.66838591669,0.534026106056135,0.348304863048161,0.429752280002408,1.4667193716816
"20415","apuana","paedomorphic","Italy","Costa Rimacina. Luriano. Chindino.Siena. Toscana",1.55059520748933,1.19228861256812,1.19228861256812,0.789580712164425,0.991226075692495,0.838849090737255,0.64738297011462,0.869231719730976,0.698970004336019,0.575187844927661,0.24551266781415,0.363611979892144,0.733999286538387,0.580924975675619,0.397940008672038,0.332438459915605,0.797267540830716,0.64738297011462,0.514547752660286,0.255272505103306,0.356025857193123,0.724275869600789,0.465382851448418,0.27415784926368,0.462397997898956,1.45924166487808
"20416","apuana","paedomorphic","Italy","Costa Rimacina. Luriano. Chindino.Siena. Toscana",1.54678935163126,1.17580163284828,1.17580163284828,0.8750612633917,0.982723387668545,0.854306041801081,0.663700925389648,0.852479993636856,0.740362689494244,0.527629900871339,0.250420002308894,0.334453751150931,0.681241237375587,0.491361693834273,0.252853030979893,0.416640507338281,0.83695673705955,0.69284691927723,0.523746466811564,0.235528446907549,0.367355921026019,0.626340367375042,0.503790683057181,0.281033367247728,0.40823996531185,1.44638181222244
"20410","apuana","paedomorphic","Italy","Costa Rimacina. Luriano. Chindino.Siena. Toscana",1.58602438238698,1.20951501454263,1.20951501454263,0.819543935541869,0.963315511386111,0.869231719730976,0.670245853074124,0.835056101720116,0.663700925389648,0.591064607026499,0.232996110392154,0.342422680822206,0.683947130751512,0.57287160220048,0.243038048686294,0.416640507338281,0.833784374656479,0.69284691927723,0.506505032404872,0.271841606536499,0.371067862271736,0.658011396657112,0.494154594018443,0.344392273685111,0.418301291319745,1.48415742436538
"20412","apuana","paedomorphic","Italy","Costa Rimacina. Luriano. Chindino.Siena. Toscana",1.5975855017522,1.23904909314019,1.23904909314019,0.803457115648414,1.00518051250378,0.867467487859051,0.730782275666389,0.857935264719429,0.775246259740236,0.622214022966295,0.222716471147583,0.409933123331295,0.73559889969818,0.614897216033135,0.462397997898956,0.354108439147401,0.860936620700094,0.660865478003869,0.547774705387823,0.278753600952829,0.372912002970107,0.731588765186739,0.531478917042255,0.187520720836463,0.404833716619938,1.42488163663107
"20411","apuana","paedomorphic","Italy","Costa Rimacina. Luriano. Chindino.Siena. Toscana",1.58759872972124,1.24551266781415,1.24551266781415,0.8750612633917,0.996073654485275,0.878521795501206,0.720985744153739,0.841359470454855,0.740362689494244,0.612783856719735,0.243038048686294,0.387389826338729,0.7481880270062,0.59659709562646,0.276461804173244,0.390935107103379,0.860338006570994,0.711807229041191,0.600972895686748,0.250420002308894,0.416640507338281,0.722633922533812,0.535294120042771,0.301029995663981,0.471291711058939,1.45209324901773
"1992-2687","apuana","paedomorphic","Italy","Lago Secco. Accumoli",1.66322963453287,1.3386556655787,1.3386556655787,0.916453948549925,1.04766419460156,0.926856708949692,0.809559714635268,0.944482672150169,0.814913181275074,0.649334858712142,0.338456493604605,0.537819095073274,0.7481880270062,0.64640372622307,0.397940008672038,0.510545010206612,0.942008053022313,0.745855195173729,0.582063362911709,0.399673721481038,0.491361693834273,0.764176132390331,0.632457292184724,0.380211241711606,0.557507201905658,1.52166101511207
"1992-2685","apuana","paedomorphic","Italy","Lago Secco. Accumoli",1.6182573448404,1.28330122870355,1.28330122870355,0.90848501887865,1.02077548819356,0.900913067737669,0.770115294787102,0.919078092376074,0.809559714635268,0.633468455579587,0.369215857410143,0.551449997972875,0.739572344450092,0.690196080028514,0.369215857410143,0.593286067020457,0.873320601815399,0.787460474518415,0.613841821876069,0.330413773349191,0.545307116465824,0.719331286983727,0.635483746814912,0.390935107103379,0.600972895686748,1.4944328987264
"1992-2754","apuana","paedomorphic","Italy","Lago Secco. Accumoli",1.60140806053468,1.24772783290972,1.24772783290972,0.887617300335736,1.01745072951054,0.899273187317604,0.713490543093943,0.873320601815399,0.674861140737812,0.549003262025788,0.340444114840118,0.440909082065218,0.694605198933569,0.547774705387823,0.292256071356476,0.371067862271736,0.8555191556678,0.698970004336019,0.513217600067939,0.281033367247728,0.518513939877887,0.683947130751512,0.558708570533166,0.361727836017593,0.539076098792777,1.55218133883934
"1992-2761","apuana","paedomorphic","Italy","Lago Secco. Accumoli",1.51361707378787,1.1978316933289,1.1978316933289,0.824776462475546,0.937517892017347,0.835056101720116,0.710117365111816,0.786041210242554,0.649334858712142,0.492760389026837,0.225309281725863,0.413299764081252,0.645422269349092,0.523746466811564,0.342422680822206,0.406540180433955,0.814913181275074,0.649334858712142,0.496929648073215,0.170261715394957,0.414973347970818,0.658964842664435,0.442479769064449,0.298853076409707,0.437750562820388,1.4605971888976
"1992-2755","apuana","paedomorphic","Italy","Lago Secco. Accumoli",1.5497387312649,1.22788670461367,1.22788670461367,0.902546779313991,0.944975908412048,0.862727528317975,0.716003343634799,0.870403905279027,0.722633922533812,0.556302500767287,0.298853076409707,0.414973347970818,0.662757831681574,0.568201724066995,0.367355921026019,0.544068044350276,0.877371345869774,0.711807229041191,0.494154594018443,0.212187604403958,0.423245873936808,0.749736315569061,0.531478917042255,0.354108439147401,0.544068044350276,1.51375015008182
"1992-2760","apuana","paedomorphic","Italy","Lago Secco. Accumoli",1.51041094801018,1.13798673272353,1.13798673272353,0.838849090737255,0.938519725176492,0.777426822389311,0.664641975556125,0.832508912706236,0.675778341674085,0.530199698203082,0.235528446907549,0.328379603438738,0.602059991327962,0.423245873936808,0.235528446907549,0.403120521175818,0.857332496431269,0.708420900134713,0.531478917042255,0.269512944217916,0.403120521175818,0.681241237375587,0.460897842756548,0.414973347970818,0.437750562820388,1.43071988786328
"1992-2757","apuana","paedomorphic","Italy","Lago Secco. Accumoli",1.50839503313305,1.20139712432045,1.20139712432045,0.864511081058392,0.99563519459755,0.842609239610562,0.714329759745233,0.817565369559781,0.731588765186739,0.532754378992498,0.225309281725863,0.387389826338729,0.628388930050311,0.453318340047038,0.276461804173244,0.457881896733992,0.825426117767823,0.675778341674085,0.477121254719662,0.139879086401236,0.401400540781544,0.651278013998144,0.531478917042255,0.255272505103306,0.348304863048161,1.52153034127871
"1992-2756","apuana","paedomorphic","Italy","Lago Secco. Accumoli",1.50987428500472,1.18383903705642,1.18383903705642,0.859738566197147,0.960946195733831,0.851869600729766,0.713490543093943,0.812244696800369,0.652246341003323,0.525044807036845,0.276461804173244,0.401400540781544,0.563481085394411,0.491361693834273,0.230448921378274,0.399673721481038,0.851869600729766,0.665580991017953,0.465382851448418,0.232996110392154,0.406540180433955,0.661812685537261,0.459392487759231,0.232996110392154,0.436162647040756,1.45514952117983
"1992-2758","apuana","paedomorphic","Italy","Lago Secco. Accumoli",1.5360531551592,1.22608411597582,1.22608411597582,0.842609239610562,1,0.854306041801081,0.711807229041191,0.842609239610562,0.7481880270062,0.506505032404872,0.27415784926368,0.456366033129043,0.662757831681574,0.555094448578319,0.352182518111362,0.519827993775719,0.822168079368018,0.727541257028556,0.494154594018443,0.195899652409234,0.437750562820388,0.716003343634799,0.531478917042255,0.296665190261531,0.505149978319906,1.49094120535679
"1992-2759","apuana","paedomorphic","Italy","Lago Secco. Accumoli",1.54654266347813,1.22788670461367,1.22788670461367,0.86391737695786,0.979548374704095,0.897627091290441,0.738780558484369,0.829946695941636,0.762678563727436,0.570542939881898,0.287801729930226,0.447158031342219,0.691081492122968,0.541579243946581,0.447158031342219,0.46686762035411,0.808210972924222,0.74350976472843,0.556302500767287,0.238046103128795,0.45484486000851,0.712649701627211,0.550228353055094,0.397940008672038,0.531478917042255,1.52517442783527
"1992-2935","apuana","paedomorphic","Italy","Lago Secco. Accumoli",1.49066065335614,1.15075643986031,1.15075643986031,0.872738827472669,0.963315511386111,0.851258348719075,0.678518379040114,0.822168079368018,0.657055852857104,0.565847818673518,0.195899652409234,0.227886704613674,0.633468455579587,0.521138083704036,0.217483944213906,0.401400540781544,0.8055008581584,0.656098202012832,0.477121254719662,0.178976947293169,0.369215857410143,0.571708831808688,0.421603926869831,0.250420002308894,0.428134794028789,1.44138088491651
"1992-2936","apuana","paedomorphic","Italy","Lago Secco. Accumoli",1.51041094801018,1.17493159352844,1.17493159352844,0.89209460269048,0.9698816437465,0.851258348719075,0.72916478969277,0.812913356642856,0.696356388733332,0.517195897949974,0.220108088040055,0.359835482339888,0.656098202012832,0.468347330412157,0.264817823009536,0.436162647040756,0.81888541459401,0.6232492903979,0.450249108319361,0.178976947293169,0.416640507338281,0.716003343634799,0.526339277389844,0.230448921378274,0.434568904034199,1.50596351801813
"1992-2933","apuana","paedomorphic","Italy","Lago Secco. Accumoli",1.5287881917749,1.20897851727625,1.20897851727625,0.856728890382883,0.980003371583746,0.857935264719429,0.732393759822969,0.856728890382883,0.678518379040114,0.491361693834273,0.264817823009536,0.330413773349191,0.673020907128896,0.506505032404872,0.201397124320452,0.390935107103379,0.812913356642856,0.656098202012832,0.537819095073274,0.260071387985075,0.374748346010104,0.680335513414563,0.468347330412157,0.24551266781415,0.440909082065218,1.42683645380351
"1992-2934","apuana","paedomorphic","Italy","Lago Secco. Accumoli",1.52244423350632,1.19312459835446,1.19312459835446,0.833784374656479,0.969415912353981,0.862131379313037,0.73559889969818,0.802089257881733,0.643452676486187,0.518513939877887,0.257678574869184,0.40823996531185,0.676693609624867,0.519827993775719,0.276461804173244,0.445604203273598,0.798650645445269,0.740362689494244,0.460897842756548,0.209515014542631,0.0606978403536116,0.619093330626743,0.556302500767287,0.267171728403014,0.376576957056512,1.44247976906445
"1992-2931","apuana","paedomorphic","Italy","Lago Secco. Accumoli",1.64246452024212,1.31806333496276,1.31806333496276,1.00603795499732,1.0542299098634,0.986771734266245,0.854306041801081,0.928907690243953,0.832508912706236,0.686636269262293,0.3654879848909,0.511883360978874,0.795880017344075,0.661812685537261,0.394451680826216,0.506505032404872,0.913813852383717,0.815577748324267,0.628388930050311,0.382017042574868,0.503790683057181,0.826074802700826,0.589949601325708,0.41161970596323,0.530199698203082,1.61214783832649
"1992-2932","apuana","paedomorphic","Italy","Lago Secco. Accumoli",1.68331726192188,1.38560627359831,1.37894269861344,0.878521795501206,1.05037975626146,0.959518376972998,0.716837723299524,0.990338854787601,0.827369273053825,0.685741738602264,0.356025857193123,0.499687082618404,0.81424759573192,0.732393759822969,0.380211241711606,0.588831725594207,0.980003371583746,0.897627091290441,0.672097857935718,0.409933123331295,0.551449997972875,0.842609239610562,0.688419822002711,0.453318340047038,0.565847818673518,1.32715451240943
"1992-2797","apuana","paedomorphic","Italy","Lago Secco. Accumoli",1.57147590368194,1.23477029516092,1.23477029516092,0.888740960682893,0.968015713993642,0.879669205632054,0.714329759745233,0.899820502427096,0.73559889969818,0.578639209968072,0.262451089730429,0.372912002970107,0.673020907128896,0.574031267727719,0.354108439147401,0.419955748489758,0.897627091290441,0.672097857935718,0.515873843711679,0.332438459915605,0.514547752660286,0.656098202012832,0.540329474790874,0.376576957056512,0.474216264076255,1.53945249154946
"1992-2824","apuana","paedomorphic","Italy","Lago Secco. Accumoli",1.47217114669236,1.11925588927794,1.11925588927794,0.815577748324267,0.928907690243953,0.81424759573192,0.65991620006985,0.738780558484369,0.537819095073274,0.426511261364575,0.187520720836463,0.28330122870355,0.620136054973757,0.471291711058939,0.252853030979893,0.40823996531185,0.788875115775417,0.634477270160732,0.460897842756548,0.24551266781415,0.257678574869184,0.591064607026499,0.445604203273598,0.431363764158987,0.456366033129043,1.46923274250661
"1992-2823","apuana","paedomorphic","Italy","Lago Secco. Accumoli",1.52205280086882,1.20139712432045,1.19312459835446,0.945960703577569,1.02530586526477,0.876217840591642,0.751279103983342,0.840106094456758,0.667452952889954,0.472756449317212,0.212187604403958,0.344392273685111,0.666517980554881,0.426511261364575,0.235528446907549,0.287801729930226,0.812913356642856,0.644438589467838,0.515873843711679,0.262451089730429,0.423245873936808,0.642464520242121,0.556302500767287,0.264817823009536,0.413299764081252,1.47885496752866
"1992-2822","apuana","paedomorphic","Italy","Lago Secco. Accumoli",1.46805179145424,1.10243370568134,1.10243370568134,0.828015064223977,0.947433721887051,0.843855422623161,0.648360010980932,0.763427993562937,0.676693609624867,0.4983105537896,0.176091259055681,0.330413773349191,0.462397997898956,0.401400540781544,0.27415784926368,0.399673721481038,0.8109042806687,0.64738297011462,0.568201724066995,0.212187604403958,0.326335860928751,0.503790683057181,0.440909082065218,0.195899652409234,0.361727836017593,1.44310645673727
"1016799","alpestris","paedomorphic","Switzerland","Rüschelzmoos. Ins",1.66001122128933,1.33223641549144,1.33223641549144,0.888740960682893,0.968015713993642,0.939019776448666,0.617000341120899,0.854306041801081,0.82020145948564,0.650307523131936,0.348304863048161,0.403120521175818,0.741151598851785,0.648360010980932,0.431363764158987,0.523746466811564,0.860338006570994,0.744292983122676,0.591064607026499,0.367355921026019,0.431363764158987,0.763427993562937,0.6414741105041,0.359835482339888,0.501059262217751,1.54715912132742
"1016900","alpestris","paedomorphic","Switzerland","Wald (AR)",1.65369479531508,1.32592595577147,1.32592595577147,0.838219221907626,0.937016107464814,0.870988813760575,0.544068044350276,0.865696059916071,0.757396028793024,0.555094448578319,0.247973266361807,0.457881896733992,0.741151598851785,0.57287160220048,0.414973347970818,0.527629900871339,0.827369273053825,0.816241299991783,0.580924975675619,0.187520720836463,0.450249108319361,0.739572344450092,0.556302500767287,0.385606273598312,0.518513939877887,1.58726184969253
"1047562","alpestris","paedomorphic","Switzerland","Hergiswald. Kriens",1.69442969095708,1.3714373174041,1.3714373174041,0.921686475483602,0.996073654485275,0.971739590887778,0.74350976472843,0.930949031167523,0.857332496431269,0.678518379040114,0.434568904034199,0.528916700277655,0.771587480881255,0.550228353055094,0.457881896733992,0.378397900948138,0.929929560084588,0.857332496431269,0.612783856719735,0.390935107103379,0.545307116465824,0.813580988568192,0.600972895686748,0.387389826338729,0.551449997972875,1.65972609523779
"1053490","alpestris","paedomorphic","Switzerland","Auried. Kleinbösingen",1.62797998982998,1.30341207059674,1.30341207059674,0.948412965778601,0.90848501887865,0.970346876230093,0.729974285699556,0.826074802700826,0.691081492122968,0.544068044350276,0.394451680826216,0.421603926869831,0.666517980554881,0.531478917042255,0.399673721481038,0.47567118832443,0.738780558484369,0.740362689494244,0.505149978319906,0.328379603438738,0.453318340047038,0.69810054562339,0.450249108319361,0.322219294733919,0.468347330412157,1.56062387454993
"8773-1","alpestris","paedomorphic","Switzerland","Lago Antilone.  Alpi Lepontime. Schweiz",1.58331215198308,1.2417954312952,1.24204423936955,0.79657433321043,0.934498451243568,0.797267540830716,0.569373909615046,0.872738827472669,0.697229342759718,0.569373909615046,0.209515014542631,0.209515014542631,0.59659709562646,0.506505032404872,0.181843587944773,0.3654879848909,0.836324115706752,0.671172842715083,0.531478917042255,0.152288344383056,0.342422680822206,0.639486489268586,0.558708570533166,0.230448921378274,0.350248018334163,1.50188049375506
"8866-1","alpestris","paedomorphic","Bosnia","Jezero b.Trnovo.  Bosnien. Jugoslawien",1.69284691927723,1.36097188372594,1.35160307241913,0.910090545594068,1.10585067438514,1.04532297878666,0.812913356642856,0.983175072037813,0.69284691927723,0.599883072073688,0.285557309007774,0.359835482339888,0.775246259740236,0.653212513775344,0.342422680822206,0.503790683057181,0.971739590887778,0.750508394851346,0.671172842715083,0.359835482339888,0.527629900871339,0.7481880270062,0.653212513775344,0.367355921026019,0.535294120042771,1.58138068870999
"8866-2","alpestris","paedomorphic","Bosnia","Jezero b.Trnovo.  Bosnien. Jugoslawien",1.63215348351063,1.28780172993023,1.28555730900777,0.919078092376074,1.08600370561838,0.961421094066448,0.77451696572855,0.917505509552547,0.76715586608218,0.672097857935718,0.178976947293169,0.544068044350276,0.732393759822969,0.534026106056135,0.342422680822206,0.530199698203082,0.91803033678488,0.724275869600789,0.532754378992498,0.250420002308894,0.510545010206612,0.696356388733332,0.57287160220048,0.397940008672038,0.523746466811564,1.55846856252379
"8866-3","alpestris","paedomorphic","Bosnia","Jezero b.Trnovo.  Bosnien. Jugoslawien",1.66454796224655,1.32014628611105,1.32014628611105,0.879095879500073,1.07188200730613,1.00817418400643,0.785329835010767,0.929418925714293,0.711807229041191,0.577491799837225,0.133538908370218,0.334453751150931,0.687528961214634,0.531478917042255,0.238046103128795,0.456366033129043,0.937016107464814,0.698970004336019,0.592176757395867,0.146128035678238,0.392696953259666,0.740362689494244,0.519827993775719,0.201397124320452,0.399673721481038,1.60552052343747
"8866-4","alpestris","paedomorphic","Bosnia","Jezero b.Trnovo.  Bosnien. Jugoslawien",1.66829271044822,1.31618009889345,1.31618009889345,0.936513742478893,1.01157044359728,0.974511692737328,0.667452952889954,0.990782691803138,0.802773725291976,0.619093330626743,0.324282455297693,0.47567118832443,0.79448804665917,0.631443769013172,0.414973347970818,0.434568904034199,0.965671971220107,0.788875115775417,0.665580991017953,0.414973347970818,0.511883360978874,0.786041210242554,0.629409599102719,0.414973347970818,0.399673721481038,1.58827170684233
"8866-5","alpestris","paedomorphic","Bosnia","Jezero b.Trnovo.  Bosnien. Jugoslawien",1.63818964019084,1.23477029516092,1.24477176149529,0.884795363948981,1.08600370561838,0.990338854787601,0.712649701627211,0.93601079571521,0.733999286538387,0.559906625036113,0.447158031342219,0.491361693834273,0.761175813155731,0.591064607026499,0.357934847000454,0.477121254719662,0.918554530550273,0.69284691927723,0.575187844927661,0.328379603438738,0.575187844927661,0.753583058892907,0.532754378992498,0.3654879848909,0.463892988985907,1.5398285583779
"8866-6","alpestris","paedomorphic","Bosnia","Jezero b.Trnovo.  Bosnien. Jugoslawien",1.62757066418054,1.24551266781415,1.24551266781415,0.860936620700094,1.04099769242349,0.942504106168081,0.720985744153739,0.923244018630276,0.755874855672491,0.576341350205793,0.27415784926368,0.392696953259666,0.816241299991783,0.620136054973757,0.338456493604605,0.503790683057181,0.919601023784111,0.720159303405957,0.57287160220048,0.324282455297693,0.436162647040756,0.793790384690819,0.544068044350276,0.348304863048161,0.574031267727719,1.55108386518578
"8866-7","alpestris","paedomorphic","Bosnia","Jezero b.Trnovo.  Bosnien. Jugoslawien",1.65272969606925,1.30449052777349,1.29490691060519,0.873901597864461,1.02118929906994,0.968482948553935,0.770852011642144,0.963787827345555,0.777426822389311,0.59659709562646,0.322219294733919,0.491361693834273,0.791690649020118,0.639486489268586,0.376576957056512,0.496929648073215,0.93601079571521,0.790988475088816,0.569373909615046,0.264817823009536,0.421603926869831,0.770852011642144,0.634477270160732,0.361727836017593,0.597695185925512,1.52231379515667
"8866-8","alpestris","paedomorphic","Bosnia","Jezero b.Trnovo.  Bosnien. Jugoslawien",1.6698745024898,1.31069331234336,1.31069331234336,0.919601023784111,1.10414555055401,0.963787827345555,0.776701183988411,0.959041392321094,0.775974331129369,0.672097857935718,0.298853076409707,0.298853076409707,0.792391689498254,0.653212513775344,0.332438459915605,0.514547752660286,0.952792443044092,0.806179973983887,0.690196080028514,0.278753600952829,0.193124598354462,0.740362689494244,0.549003262025788,0.383815365980431,0.471291711058939,1.59273176639396
"8866-9","alpestris","paedomorphic","Bosnia","Jezero b.Trnovo.  Bosnien. Jugoslawien",1.68547301972276,1.29972515397564,1.29972515397564,0.929418925714293,1.07445071895459,1.05153839051533,0.752048447819439,0.985426474083002,0.64640372622307,0.681241237375587,0.294466226161593,0.518513939877887,0.769377326076139,0.626340367375042,0.342422680822206,0.591064607026499,0.99519629159718,0.768638101247614,0.65417654187796,0.359835482339888,0.491361693834273,0.722633922533812,0.612783856719735,0.380211241711606,0.541579243946581,1.59361830812954
"6278","alpestris","metamorphic","Bosnia","BIH > Südl. Sarajevo < Seen der Trescavica",1.62407573114568,1.26410915630581,1.27044590801796,0.81424759573192,0.9698816437465,0.896526217489555,0.627365856592733,0.93801909747621,0.667452952889954,0.584331224367531,0.298853076409707,0.394451680826216,0.69284691927723,0.574031267727719,0.269512944217916,0.380211241711606,0.917505509552547,0.684845361644412,0.534026106056135,0.167317334748176,0.44870631990508,0.68930885912362,0.549003262025788,0.338456493604605,0.403120521175818,1.51027684441735
"6275","alpestris","metamorphic","Bosnia","BIH > Südl. Sarajevo < Seen der Trescavica",1.58399179919832,1.23954972084047,1.24797326636181,0.725094521081469,0.940516484932567,0.866877814337499,0.56702636615906,0.888740960682893,0.753583058892907,0.612783856719735,0.340444114840118,0.468347330412157,0.655138434811382,0.546542663478131,0.431363764158987,0.505149978319906,0.886490725172482,0.732393759822969,0.530199698203082,0.294466226161593,0.369215857410143,0.681241237375587,0.640481436970422,0.298853076409707,0.515873843711679,1.43759203225396
"6279","alpestris","metamorphic","Bosnia","BIH > Südl. Sarajevo < Seen der Trescavica",1.55786796156802,1.22659990520736,1.18610837981321,0.741939077729199,0.959041392321094,0.869231719730976,0.540329474790874,0.924279286061882,0.788168371141168,0.614897216033135,0.230448921378274,0.431363764158987,0.695481676490197,0.569373909615046,0.378397900948138,0.453318340047038,0.899820502427096,0.754348335711019,0.544068044350276,0.247973266361807,0.394451680826216,0.763427993562937,0.547774705387823,0.447158031342219,0.436162647040756,1.45712462630341
"6277","alpestris","metamorphic","Bosnia","BIH > Südl. Sarajevo < Seen der Trescavica",1.54032947479087,1.15563963375978,1.14426277376199,0.719331286983727,0.911690158753861,0.836324115706752,0.521138083704036,0.877946951629188,0.684845361644412,0.574031267727719,0.326335860928751,0.387389826338729,0.733999286538387,0.582063362911709,0.235528446907549,0.387389826338729,0.857935264719429,0.592176757395867,0.505149978319906,0.292256071356476,0.378397900948138,0.615950051656401,0.431363764158987,0.146128035678238,0.505149978319906,1.43071988786328
"2409-084","apuana","metamorphic","Italy","Castello di Serravalle à25Km. Ouest Sud-Ouestde Bologne",1.71642073384655,1.40976410426635,1.43023635341151,0.86391737695786,1.00603795499732,0.916980047320382,0.684845361644412,0.942008053022313,0.789580712164425,0.650307523131936,0.369215857410143,0.517195897949974,0.775974331129369,0.619093330626743,0.505149978319906,0.561101383649056,0.977723605288848,0.787460474518415,0.621176281775035,0.371067862271736,0.540329474790874,0.797959643737196,0.671172842715083,0.429752280002408,0.509202522331103,1.60140806053468
"2409-085","apuana","metamorphic","Italy","Castello di Serravalle à25Km. Ouest Sud-Ouestde Bologne",1.6667051361199,1.33505651943909,1.32776748990273,0.808210972924222,0.972665592266111,0.924279286061882,0.690196080028514,0.939019776448666,0.775974331129369,0.637489729512511,0.356025857193123,0.549003262025788,0.733999286538387,0.600972895686748,0.423245873936808,0.633468455579587,0.910624404889201,0.787460474518415,0.621176281775035,0.442479769064449,0.584331224367531,0.749736315569061,0.614897216033135,0.457881896733992,0.578639209968072,1.51838231554534
"2409-086","apuana","metamorphic","Italy","Castello di Serravalle à25Km. Ouest Sud-Ouestde Bologne",1.62541535215441,1.27392678010053,1.29797924415936,0.79657433321043,0.923244018630276,0.865696059916071,0.620136054973757,0.929418925714293,0.716003343634799,0.591064607026499,0.423245873936808,0.513217600067939,0.670245853074124,0.553883026643874,0.40823996531185,0.561101383649056,0.888179493918325,0.710117365111816,0.54282542695918,0.456366033129043,0.252853030979893,0.690196080028514,0.539076098792777,0.421603926869831,0.571708831808688,1.47625179600703
"2409-087","apuana","metamorphic","Italy","Castello di Serravalle à25Km. Ouest Sud-Ouestde Bologne",1.65030752313194,1.30899102900016,1.30899102900016,0.786041210242554,0.979092900638326,0.881384656770573,0.564666064252089,0.942504106168081,0.800029359244134,0.587710965018911,0.436162647040756,0.595496221825574,0.72916478969277,0.595496221825574,0.432969290874406,0.598790506763115,0.917505509552547,0.777426822389311,0.591064607026499,0.460897842756548,0.612783856719735,0.744292983122676,0.625312450961674,0.450249108319361,0.635483746814912,1.54257647626053
"2409-088","apuana","metamorphic","Italy","Castello di Serravalle à25Km. Ouest Sud-Ouestde Bologne",1.59933713299249,1.24154648059655,1.23704079137919,0.7481880270062,0.924795995797912,0.840106094456758,0.552668216112193,0.918554530550273,0.712649701627211,0.577491799837225,0.442479769064449,0.523746466811564,0.665580991017953,0.57287160220048,0.447158031342219,0.568201724066995,0.89209460269048,0.709269960975831,0.534026106056135,0.397940008672038,0.550228353055094,0.755874855672491,0.612783856719735,0.416640507338281,0.565847818673518,1.44059426183983
"2409-089","apuana","metamorphic","Italy","Castello di Serravalle à25Km. Ouest Sud-Ouestde Bologne",1.63032615480395,1.27114431794908,1.27114431794908,0.767897616018091,0.973127853599699,0.873320601815399,0.57978359661681,0.947433721887051,0.773786444981194,0.628388930050311,0.421603926869831,0.495544337546448,0.73319726510657,0.594392550375427,0.432969290874406,0.518513939877887,0.913813852383717,0.748962861256161,0.545307116465824,0.431363764158987,0.568201724066995,0.733999286538387,0.576341350205793,0.44870631990508,0.52244423350632,1.50379068305718
"2409-090","apuana","metamorphic","Italy","Castello di Serravalle à25Km. Ouest Sud-Ouestde Bologne",1.58591171031943,1.23879856271392,1.23879856271392,0.757396028793024,0.923244018630276,0.840106094456758,0.505149978319906,0.939519252618618,0.710117365111816,0.588831725594207,0.372912002970107,0.456366033129043,0.684845361644412,0.578639209968072,0.40823996531185,0.468347330412157,0.865696059916071,0.713490543093943,0.527629900871339,0.394451680826216,0.45178643552429,0.707570176097936,0.588831725594207,0.44870631990508,0.517195897949974,1.32654066851656
"15370","apuana","metamorphic","Italy","lac de ninfa. apennines. italy",1.66304097489397,1.34849957028384,1.34849957028384,0.8555191556678,0.998259338423699,0.935507265824713,0.682145076373832,0.935507265824713,0.749736315569061,0.643452676486187,0.322219294733919,0.409933123331295,0.739572344450092,0.557507201905658,0.328379603438738,0.45484486000851,0.903089986991944,0.760422483423212,0.555094448578319,0.287801729930226,0.440909082065218,0.741151598851785,0.530199698203082,0.33645973384853,0.531478917042255,1.56831908509511
"14020","apuana","metamorphic","Italy","Laghetto dei Bagni. monte Cimone. Modena. Italia",1.63748972951251,1.27669152884504,1.29666519026153,0.826074802700826,0.966141732739033,0.854913022307856,0.681241237375587,0.877946951629188,0.7481880270062,0.57978359661681,0.342422680822206,0.474216264076255,0.710963118995276,0.6232492903979,0.406540180433955,0.505149978319906,0.876794976200701,0.76715586608218,0.568201724066995,0.342422680822206,0.505149978319906,0.717670503002262,0.559906625036113,0.334453751150931,0.534026106056135,1.46149852678302
"14019","apuana","metamorphic","Italy","Laghetto dei Bagni. monte Cimone. Modena. Italia",1.62262842612933,1.29841638006129,1.29841638006129,0.813580988568192,0.967547976218862,0.876794976200701,0.6232492903979,0.864511081058392,0.750508394851346,0.622214022966295,0.338456493604605,0.442479769064449,0.726727209026572,0.617000341120899,0.399673721481038,0.518513939877887,0.887617300335736,0.725094521081469,0.514547752660286,0.397940008672038,0.471291711058939,0.69196510276736,0.563481085394411,0.363611979892144,0.531478917042255,1.48572142648158
"20526","apuana","metamorphic","Italy","Laghetto dei Bagni. monte Cimone. Modena. Italia",1.6730209071289,1.32797162362301,1.33445375115093,0.852479993636856,0.977723605288848,0.90848501887865,0.650307523131936,0.8819549713396,0.75815462196739,0.582063362911709,0.363611979892144,0.453318340047038,0.761927838420529,0.6232492903979,0.431363764158987,0.570542939881898,0.885361220031512,0.819543935541869,0.660865478003869,0.419955748489758,0.511883360978874,0.730782275666389,0.59659709562646,0.389166084364532,0.519827993775719,1.54369563230924
"14018","apuana","metamorphic","Italy","Laghetto dei Bagni. monte Cimone. Modena. Italia",1.63908787108374,1.28352736486169,1.28352736486169,0.811575005870593,0.992553517832136,0.872738827472669,0.672097857935718,0.910624404889201,0.767897616018091,0.553883026643874,0.252853030979893,0.494154594018443,0.718501688867274,0.662757831681574,0.374748346010104,0.527629900871339,0.896526217489555,0.754348335711019,0.57978359661681,0.290034611362518,0.491361693834273,0.765668554759014,0.552668216112193,0.326335860928751,0.530199698203082,1.48628876096057
"1992-2926","apuana","paedomorphic","Italy","Lago della Selva",1.5194341949137,1.17026171539496,1.17026171539496,0.816241299991783,0.916980047320382,0.819543935541869,0.656098202012832,0.812244696800369,0.723455672035186,0.521138083704036,0.267171728403014,0.390935107103379,0.643452676486187,0.474216264076255,0.264817823009536,0.290034611362518,0.810232517995084,0.730782275666389,0.4983105537896,0.190331698170291,0.322219294733919,0.690196080028514,0.547774705387823,0.290034611362518,0.385606273598312,1.46389298898591
"915-005","alpestris","metamorphic","Switzerland","Lac Noir",1.63738965012921,1.30792370361188,1.29534714833362,0.79657433321043,0.971275848738105,0.894316062684438,0.626340367375042,0.934498451243568,0.730782275666389,0.575187844927661,0.474216264076255,0.556302500767287,0.749736315569061,0.576341350205793,0.469822015978163,0.514547752660286,0.891537457672564,0.760422483423212,0.575187844927661,0.40823996531185,0.503790683057181,0.770115294787102,0.570542939881898,0.472756449317212,0.530199698203082,1.46089784275655
"915-001","alpestris","metamorphic","Switzerland","La Ferrière",1.71163853823235,1.34772021703404,1.35793484700045,0.858537197569639,1.01494034979294,0.942008053022313,0.65417654187796,0.9698816437465,0.800717078282385,0.65991620006985,0.472756449317212,0.568201724066995,0.792391689498254,0.69196510276736,0.501059262217751,0.589949601325708,0.946943270697825,0.76715586608218,0.625312450961674,0.440909082065218,0.568201724066995,0.802773725291976,0.593286067020457,0.477121254719662,0.57978359661681,1.58319877396862
"741-028a","alpestris","metamorphic","Switzerland","Pinchat",1.65619406217919,1.33324569896196,1.32489949705231,0.887617300335736,0.966141732739033,0.916980047320382,0.649334858712142,0.951337518795918,0.731588765186739,0.595496221825574,0.41161970596323,0.450249108319361,0.707570176097936,0.643452676486187,0.502427119984433,0.569373909615046,0.920645001406788,0.730782275666389,0.633468455579587,0.397940008672038,0.502427119984433,0.678518379040114,0.643452676486187,0.434568904034199,0.580924975675619,1.49540556314619
"877-087n","alpestris","metamorphic","Switzerland","Sta.Maria. Val Muster",1.7718813201901,1.47712125471966,1.47712125471966,0.852479993636856,1.01661554755718,0.983626287124535,0.716837723299524,0.998259338423699,0.766412847112399,0.658964842664435,0.413299764081252,0.591064607026499,0.809559714635268,0.672097857935718,0.514547752660286,0.571708831808688,0.9804578922761,0.802773725291976,0.64640372622307,0.477121254719662,0.583198773968623,0.807535028068853,0.716003343634799,0.54282542695918,0.569373909615046,1.65867902858245
"1119-054","alpestris","metamorphic","Switzerland","La Croue. Arzier",1.75838194177468,1.44669246637153,1.44669246637153,0.900913067737669,1.03019478535675,1.01283722470517,0.693726948923647,0.975891136401793,0.843855422623161,0.715167357848458,0.505149978319906,0.436162647040756,0.800029359244134,0.652246341003323,0.510545010206612,0.530199698203082,0.977723605288848,0.799340549453582,0.673941998634088,0.431363764158987,0.495544337546448,0.80413943233535,0.660865478003869,0.517195897949974,0.517195897949974,1.62148786458063
