id;sub-species;life_cycle;country;locality;svl;r_interlimb_l;l_interlimb_l;body_h;head_l;head_w;head_h;r_lower_jaw_l;r_humerus;r_radius;r_metacarpus;r_toe_fore;r_femur;r_tibia;r_metatarsus;r_toe_hind;l_lower_jaw_l;l_humerus;l_radius;l_metacarpus;l_toe_fore;l_femur;l_tibia;l_metatarsus;l_toe_hind;tail
22966;apuana;paedomorphic;Italy;Chiusdino. Siena. Toscana;37.93;16.31;16.31;7.87;9.43;7.68;4.96;7.58;4.87;3.2;1.68;3.31;5.25;3.54;1.79;2.57;7.28;4.95;3.38;1.77;3.9;4.55;2.79;1.89;2.67;30.35
22968;apuana;paedomorphic;Italy;Chiusdino. Siena. Toscana;45.89;19.19;19.19;8.65;11.35;9.25;5.91;8.72;5.89;4.44;2.22;2.86;6.43;3.61;1.98;1.78;8.32;5.63;3.69;2.13;3.26;5.93;3.96;1.96;3.13;32.99
22971;apuana;paedomorphic;Italy;Chiusdino. Siena. Toscana;37.19;16.96;16.96;8;10.17;7.13;4.75;7.87;5.1;3.61;1.68;2.45;4.68;3.8;1.63;NA;7.59;5.36;2.72;1.32;1.99;4.41;2.8;1.78;2.81;31.73
22974;apuana;undergoing metamorphosis;Italy;Chiusdino. Siena. Toscana;41.6;17.27;17.27;6.89;9.97;7.76;4.7;8.15;5.75;3.91;2;2.62;5.2;3.32;2.1;3.52;7.87;5.65;3.48;2.3;3.26;5.5;3.35;1.96;3.43;31.62
22973;apuana;paedomorphic;Italy;Chiusdino. Siena. Toscana;37.21;14.35;14.35;7.77;9.8;7.41;5.11;7.31;5.2;3.46;1.37;2.31;5.15;3.4;1.67;2.72;7.15;5.6;3.7;1.86;2.97;4.7;3.14;1.79;2.63;26.68
22969;apuana;paedomorphic;Italy;Chiusdino. Siena. Toscana;43.61;17.69;17.69;8.67;11.29;8.56;5.77;8.1;5.3;3.42;1.49;2.67;5.85;3.64;1.8;2.32;7.62;5.89;3.18;1.56;3.22;5.56;4.6;1.65;2.97;36.18
22967;apuana;paedomorphic;Italy;Chiusdino. Siena. Toscana;45.91;19.4;19.4;8.32;10.75;8.86;6.17;9.72;5.9;4.9;2.13;3.43;6.24;4.14;2.13;3.1;8.78;5.87;3.36;2.19;3.59;6.18;3.58;1.86;3.14;34.49
22972;apuana;paedomorphic;Italy;Chiusdino. Siena. Toscana;38.25;15.55;15.55;7.1;9.93;6.78;5.31;7.31;4.61;3.7;1.98;2.55;5.24;3.29;1.97;3.33;6.81;4.93;2.96;1.53;2.78;5.13;3.4;1.76;3.35;28.3
22975;apuana;undergoing metamorphosis;Italy;Chiusdino. Siena. Toscana;43.77;19.19;19.19;7.28;9.18;7.78;4.89;8.6;5.57;3.81;2.41;2.78;6.5;4.11;2.31;2.9;7.8;6.23;3.7;1.68;2.85;6.17;4.1;2.31;2.91;33.56
22970;apuana;paedomorphic;Italy;Chiusdino. Siena. Toscana;41.87;18.2;18.2;8.88;10.91;8.53;5.72;8.81;5.2;3.62;1.96;3.3;6.3;3.99;1.7;2.94;7.72;5.67;3.25;1.93;3.3;5.67;3.98;2.13;3.9;33.09
22965-1;apuana;paedomorphic;Italy;Chiusdino. Siena. Toscana;35.13;15.12;15.12;6.99;9.22;7.11;4.64;6.9;4.3;3.57;1.78;2.32;4.35;3.42;1.65;2.4;6.14;4.34;3.24;1.7;2.17;4.16;3.42;2.15;2.45;31.88
7991-1;apuana;paedomorphic;Italy;Lago Baccio. Modena;34.72;15.14;15.14;5.88;9.3;6.81;4.51;6.36;4.21;2.72;1.66;1.96;4.7;3.42;2.12;2.21;6.4;4.24;2.82;1.74;2.2;4.65;2.77;2.12;2.82;29.44
7910;apuana;metamorphic;Italy;Lago Baccio. Modena;41.71;17.67;17.67;6.7;9.3;7.8;4.4;8.9;5.37;3.8;2.11;2.84;5.45;3.61;2.4;3.27;8.6;5.54;3.68;2.11;2.94;5.46;3.7;2.17;3.62;32.34
7903;apuana;paedomorphic;Italy;Lago Baccio. Modena;43.96;18.48;18.98;6.6;10.68;7.87;4.73;8.71;5.66;4.57;2.26;2.85;4.6;3.68;2.27;4.22;7.46;5.7;3.82;2.15;3.29;5.2;3.68;2.41;3.52;36.92
7920;apuana;metamorphic;Italy;Lago Baccio. Modena;40.18;17.39;17.39;5.63;9.43;7.86;4.9;8.19;5.1;3.68;1.85;2.5;4.83;3.56;1.99;2.88;7.72;4.98;3.4;1.92;2.56;5.3;3.47;1.98;2.82;32.97
7913;apuana;paedomorphic;Italy;Lago Baccio. Modena;43.89;16.67;16.84;7.14;10;8.5;4.91;8.19;5.65;4.18;2.21;2.78;5.25;3.88;2.53;3;7.71;5.26;3.37;2.3;2.71;5.43;3.63;2.2;3.55;35.28
7908;apuana;metamorphic;Italy;Lago Baccio. Modena;43.13;18.39;18.39;6.87;9.34;8.18;4.43;8.4;5.85;4.41;2.5;2.59;5.93;4.24;2.35;3.21;8.53;6.16;4.19;1.94;2.45;5.31;3.65;1.99;3.58;32.59
7930;apuana;undergoing metamorphosis;Italy;Lago Baccio. Modena;41.03;18.11;18.52;6.25;9.26;7.91;3.8;8.16;5.24;3.95;2.58;2.96;5.52;3.96;1.89;3.15;7.8;5.11;3.76;2;2.98;4.88;3.69;2.38;3.8;31.7
7932;apuana;metamorphic;Italy;Lago Baccio. Modena;38.86;16.83;16.83;4.94;8.3;7.53;3.46;7.31;4.98;3.79;1.86;2.78;4.74;3.56;2.23;2.82;6.99;5.3;3.38;1.68;2.3;4.7;3.32;2.13;2.72;32.15
7914;apuana;undergoing metamorphosis;Italy;Lago Baccio. Modena;35.75;14.72;14.72;5.27;8.8;7.35;3.65;7.83;5.14;3.37;1.8;2.3;4.27;3.27;1.9;2.5;6.99;5.11;3.39;1.79;2.16;4.45;3;1.91;2.82;29.5
7967;apuana;paedomorphic;Italy;Lago Baccio. Modena;37.44;16.5;16.5;6.54;8.98;7.48;4.59;6.89;4.54;3.8;2.8;2.68;4.4;3.22;1.93;2.2;6.44;4.8;3.46;1.49;1.82;4.9;3.1;1.87;2.48;27.43
7912;apuana;undergoing metamorphosis;Italy;Lago Baccio. Modena;41.22;15.97;16.47;6.25;9.52;8.19;4.35;8.36;5.26;3.88;2.11;2.89;4.89;4.8;2.67;3.33;7.33;5.87;3.23;2.4;2.88;5.45;3.42;2.5;3.37;29.45
7919;apuana;undergoing metamorphosis;Italy;Lago Baccio. Modena;40.51;17.41;17.41;6.17;9.1;7.48;4.4;7.62;5.63;4.9;2.3;2.71;5.1;3.85;2.6;3.4;7.74;5.48;3.52;1.92;3.22;4.64;3.25;1.92;3.7;33.03
7942;apuana;paedomorphic;Italy;Lago Baccio. Modena;37.76;17.19;17.19;6.69;10.23;7.53;4.77;7.14;5.25;3.75;1.79;2.41;4.2;3.16;2.7;2.71;7.15;4.31;3.11;2.2;2.74;4.43;3.13;2;2.73;28.54
7925;apuana;metamorphic;Italy;Lago Baccio. Modena;44.92;19.23;19.23;6.9;9.29;7.68;4.14;8.59;6.29;4.57;2.9;2.83;5.82;4.26;2.5;2.98;7.69;5.84;3.85;2.13;2.82;5.63;4.7;2.53;3.56;33.82
7922;apuana;undergoing metamorphosis;Italy;Lago Baccio. Modena;40.45;16.68;16.68;6.18;9.81;8.12;4.45;8.12;5.41;4.14;1.99;2.89;5.32;3.57;2;3.2;8.3;5.36;3.48;2.35;2.93;5.23;3.78;2.34;3.36;35.36
7924;apuana;metamorphic;Italy;Lago Baccio. Modena;41.46;17.58;17.58;6.12;9.91;8.34;4.14;8.77;5.26;4.19;1.64;2.63;5.28;3.87;2.41;3.29;8.55;5.16;3.74;2.28;3.14;5.71;3.98;2.8;3.5;32.73
7927;apuana;undergoing metamorphosis;Italy;Lago Baccio. Modena;39.83;15.5;15.67;5.91;10.45;8.7;4.48;7.96;6.3;4.15;1.85;2.98;5.37;3.88;2.43;3.67;8.21;5.54;3.79;1.76;3.28;5.63;3.77;2.17;3.39;31.93
7902;apuana;undergoing metamorphosis;Italy;Lago Baccio. Modena;39.5;16.63;16.63;6.7;9.54;7.67;4.3;7.82;5.47;3.82;1.96;2.26;4.56;3.2;1.91;3.26;8.33;5.39;3.64;2.13;2.84;4.82;3.66;2.2;3.62;30.64
7923;apuana;undergoing metamorphosis;Italy;Lago Baccio. Modena;40.18;17.41;17.41;6.4;9.12;7.27;3.62;7.74;5.15;3.97;1.79;2.99;4.69;3.68;2.28;2.7;7.67;5.2;3.73;1.68;2.77;4.78;3.34;2.11;2.98;31.41
7966;apuana;paedomorphic;Italy;Lago Baccio. Modena;40.16;17.23;17.23;7.27;9.61;6.95;5.1;7.33;4.54;3.49;2.7;2.29;4.13;3.28;2.13;2.76;6.68;4.43;3.14;1.91;2.31;4.57;2.89;1.89;2.79;30.12
7958;apuana;paedomorphic;Italy;Lago Baccio. Modena;50.21;24.3;24.3;8.72;11.86;9.72;6.24;8.99;6.74;4.3;2.7;2.91;5.93;3.56;2.7;3.35;8.54;5.91;4.9;1.9;2.86;6.9;3.79;2.27;3.5;40.43
7963;apuana;undergoing metamorphosis;Italy;Lago Baccio. Modena;42.77;19.37;20.13;6.24;9.98;8.45;4.18;8.9;5.6;3.51;1.87;2.87;5.86;3.86;2.3;3.12;7.99;5.43;4.2;1.85;2.53;5.3;3.63;2.1;2.66;35.14
7979;apuana;metamorphic;Italy;Lago Baccio. Modena;42.41;18.6;18.6;6.30;10.15;8.75;4.29;8.58;5.99;3.96;1.67;3.7;5.52;3.84;2.45;3.16;8.43;6.12;4.1;1.96;2.79;5.53;3.46;2.43;3.3;35.18
7941;apuana;metamorphic;Italy;Lago Baccio. Modena;50.27;22.68;22.68;7.10;10.34;9;4.76;9.5;6.5;4.4;2.31;2.89;6.83;4.5;2.58;3.6;9.13;6.41;4.52;2.11;3.28;6.93;4.41;2.46;2.5;36.45
7943;apuana;paedomorphic;Italy;Lago Baccio. Modena;48.1;21.74;21.74;8.49;11.83;9.5;5.75;8.92;5.63;3.63;2.32;2.66;5.8;4.4;2.4;3.19;8.61;5.39;3.78;2.16;3.16;5.28;4.34;2.2;2.54;39.13
7988;apuana;undergoing metamorphosis;Italy;Lago Baccio. Modena;43.39;18.98;18.93;6.62;10.9;8.38;4.47;8.4;5.91;3.99;2.16;3.53;5.78;4.1;2.56;3.5;8.18;5.21;3.62;2.7;2.77;5.82;3.91;2.41;2.94;36.17
7965;apuana;undergoing metamorphosis;Italy;Lago Baccio. Modena;44.33;19.45;19.46;6.41;9.79;8.19;4.35;8.36;6.2;3.96;1.87;3.1;5.2;3.92;2.35;3.18;8.29;5.53;4.8;1.85;2.9;5.76;3.36;2.36;3.31;35.86
7962;apuana;metamorphic;Italy;Lago Baccio. Modena;44.92;20.98;20.98;6.55;10.1;8.89;4.66;8.6;5.97;4.4;2.32;2.99;5.76;4.44;2.39;2.91;8.91;5.44;3.88;1.93;3.28;6.28;3.86;2.42;3.47;35.48
7978;apuana;paedomorphic;Italy;Lago Baccio. Modena;38.59;17.25;17.25;6.54;10.41;7.14;4.65;7.7;5.15;3.43;1.86;2.53;4.61;3.21;1.95;2.55;7.12;4.75;3.24;1.95;2.84;5.39;3.45;2.17;2.76;31.33
7947;apuana;undergoing metamorphosis;Italy;Lago Baccio. Modena;45.43;20.33;20.33;6.56;10.87;9.6;4.66;9.3;6.26;4.2;1.92;2.91;6.19;4.13;2.72;3.18;8.23;6.4;3.7;1.77;2.78;6.8;3.93;2.46;2.95;36.38
7964;apuana;metamorphic;Italy;Lago Baccio. Modena;41.78;18.75;18.75;5.99;9.90;8.81;4.5;8.93;5.88;4.1;1.88;2.61;5.16;4.3;2.45;3.3;8.4;5.61;3.61;2.9;2.69;5.88;3.57;2.56;3.8;32.2
7949;apuana;undergoing metamorphosis;Italy;Lago Baccio. Modena;43.56;19.53;19.53;6.20;10.45;8.39;4.55;8.93;5.77;4.1;1.69;2.86;6.1;4.49;2.46;3.5;8.39;5.61;3.86;2.2;3.18;6.1;3.56;2.36;2.97;34.22
7956;apuana;paedomorphic;Italy;Lago Baccio. Modena;53.72;25.32;25.32;8.76;12.36;10.89;6.15;10.7;7.72;5.23;2.55;3.33;7.1;4.96;2.65;3.2;9.98;7.65;4.85;2.33;2.94;6.52;4.45;2.41;3.5;45.6
7984;apuana;undergoing metamorphosis;Italy;Lago Baccio. Modena;43.02;19.49;19.49;6.11;9.3;8.19;4.87;7.79;5.87;3.84;2.13;2.83;5.47;4;2.7;2.65;7.7;5.2;3.26;2.21;3.9;6.13;3.55;2.18;2.97;36.56
7987;apuana;metamorphic;Italy;Lago Baccio. Modena;43.64;19.7;19.7;6.51;9.85;8.58;4.31;8.75;5.64;3.87;1.84;2.67;6.34;3.73;2.13;2.92;8.43;6.9;3.99;2.29;3.23;5.77;3.79;2.55;3.24;37.07
7960;apuana;undergoing metamorphosis;Italy;Lago Baccio. Modena;37.65;17.27;17.27;5.46;8.72;7.6;3.9;7.46;5.3;3.48;1.55;2.23;4.84;3.35;1.8;2.16;6.99;5.5;3.21;1.82;2.46;4.78;3.28;1.86;2.59;28.91
7955;apuana;undergoing metamorphosis;Italy;Lago Baccio. Modena;35.18;14.70;14.70;5.4;9.7;7.5;3.52;7.54;4.98;3.41;1.59;2.24;5.64;3.4;2.39;3.1;6.65;4.88;3.3;1.88;2.29;5.12;3.41;1.91;2.98;30.29
7990;apuana;metamorphic;Italy;Lago Baccio. Modena;34.38;14.55;14.55;4.80;8.19;6.55;3.57;6.61;4.8;3.36;1.5;2.24;4.47;3.49;1.54;2.67;6.42;4.89;2.99;1.56;2.9;4.96;2.68;1.67;2.4;28.3
7939;apuana;undergoing metamorphosis;Italy;Lago Baccio. Modena;33.89;15.33;15.33;4.83;8.67;7.16;3.51;6.82;5.6;3.89;1.67;1.89;4.31;3.2;1.87;2.72;7.4;5.7;3.11;1.91;2.28;4.85;3.44;2.6;2.65;29.89
7935;apuana;metamorphic;Italy;Lago Baccio. Modena;32.35;14.87;14.87;5.2;8.2;6.71;3.52;7.13;4.94;3.76;1.78;1.78;4.53;3.29;1.89;2.21;6.49;5;3.34;1.61;2.3;4.8;2.81;1.64;2.18;29.1
7952;apuana;undergoing metamorphosis;Italy;Lago Baccio. Modena;33.45;14.3;14.3;4.87;8.9;6.59;3.52;6.95;4.32;3.3;1.73;1.92;4.63;3.35;2.6;2.49;6.5;4.36;2.94;1.61;2.6;4.76;3.27;1.85;2.6;27.35
7938;apuana;undergoing metamorphosis;Italy;Lago Baccio. Modena;32.76;13.78;13.78;4.52;8.6;6.72;3.11;6.76;4.48;3.32;1.62;1.63;4.8;3.22;1.57;1.88;6.52;4.9;2.91;1.48;2.19;4.56;2.53;1.59;2.15;27.16
7936;apuana;undergoing metamorphosis;Italy;Lago Baccio. Modena;32.13;13.43;13.43;4.81;8.2;6.43;3.49;6.67;4.88;3.51;1.8;1.93;4.89;2.97;1.4;2.42;6.23;4.6;3.5;1.4;2.4;4.35;3.3;1.71;2.31;28.13
7937;apuana;metamorphic;Italy;Lago Baccio. Modena;32.52;15.33;15.33;4.56;7.89;6.55;3.48;6.87;4.89;3.56;1.55;1.89;4.44;2.94;1.35;2.36;6.9;4.83;2.85;1.52;2.49;4.76;2.8;1.73;2.33;NA
22887;apuana;metamorphic;Italy;Costa Rimacina. Luriano. Chindino.Siena. Toscana;41.8;17.17;17.6;6.88;9.86;7.68;4.5;7.8;6.19;3.99;2.32;2.93;5.6;4.17;2.3;3.37;7.81;6.2;4.14;2.43;3.19;5.88;4.22;2.59;3.46;30.86
22886;apuana;metamorphic;Italy;Costa Rimacina. Luriano. Chindino.Siena. Toscana;45.04;21.71;21.71;8.2;9.76;7.77;4.73;7.95;6.43;4.46;2.3;3;5.91;4.3;2.46;3.37;8.35;6.9;3.95;1.94;3.7;5.89;3.87;2.4;3.73;28.74
22889;apuana;metamorphic;Italy;Costa Rimacina. Luriano. Chindino.Siena. Toscana;48.29;23.75;24.21;7.15;10.29;8.73;4.75;8.44;6.38;4.7;2.4;2.71;6.7;4.27;2.25;3.17;8.36;6.24;3.89;2.22;3.27;5.94;4.16;2.14;3.25;36.86
22891;apuana;metamorphic;Italy;Costa Rimacina. Luriano. Chindino.Siena. Toscana;45.97;22.42;22.42;7.33;10.8;8.31;4.37;8.9;6.14;4.3;2.2;3.3;5.63;4.7;2.31;3.42;7.97;6.27;4;2.17;3.29;5.51;3.76;2.55;2.94;34.98
22888;apuana;metamorphic;Italy;Costa Rimacina. Luriano. Chindino.Siena. Toscana;48.39;23.68;23.68;7.6;10.41;8.56;4.92;9;6.89;3.78;2.18;2.99;6.26;4.46;2.49;3.18;8.3;6.58;4.3;2.32;3.34;5.93;4.45;2.45;3.72;37.65
22890;apuana;metamorphic;Italy;Costa Rimacina. Luriano. Chindino.Siena. Toscana;46.08;23.74;23.74;8.26;10.53;8.36;4.64;7.95;5.98;3.98;2.35;2.84;6.51;3.89;2.33;3.22;7.62;6.12;4.19;2.22;2.93;5.9;4.26;2.14;3.42;31.87
22916;apuana;paedomorphic;Italy;Costa Rimacina. Luriano. Chindino.Siena. Toscana;39.81;17.62;17.62;7.76;9.57;6.75;4.88;7.15;5.5;3.84;1.96;2.76;4.8;3.67;1.95;3.7;6.81;5.34;3.42;1.89;2.55;4.6;3.2;2.2;2.97;28.46
22899;apuana;paedomorphic;Italy;Costa Rimacina. Luriano. Chindino.Siena. Toscana;39.55;16.91;17.12;8.15;9.32;7.31;5.85;7.11;5.15;3.53;1.73;2.72;5.2;3.71;2.18;3.19;6.8;5.62;3.23;1.87;2.7;4.65;3.54;2.35;3.75;29.39
22918;apuana;paedomorphic;Italy;Costa Rimacina. Luriano. Chindino.Siena. Toscana;41.19;16.25;16.25;7.7;10.13;7.62;4.83;7.47;5.7;3.83;2.16;3.18;5.77;3.88;2.32;3.33;7.4;5.57;3.63;1.82;3.27;5.69;3.48;2.47;4.27;29.57
22917;apuana;paedomorphic;Italy;Costa Rimacina. Luriano. Chindino.Siena. Toscana;43.47;18.14;18.38;8.21;10.98;8.2;5.33;7.35;5.9;4.4;2.15;2.92;5.43;3.91;2.39;4.12;8.4;5.8;3.99;1.91;3.45;5.27;3.59;2.32;3.98;31.7
22895;apuana;paedomorphic;Italy;Costa Rimacina. Luriano. Chindino.Siena. Toscana;45.11;19.15;19.61;8.55;10.74;8.25;5.14;7.48;5.99;4.5;2.2;3.23;5.96;3.55;2.44;3.84;7.77;6.5;3.89;1.98;3.35;5.31;3.26;2.18;3.51;30.81
22894;apuana;paedomorphic;Italy;Costa Rimacina. Luriano. Chindino.Siena. Toscana;38.37;17.88;17.88;7.3;9.59;7.19;4.14;6.92;4.63;3.28;1.8;3.9;4.57;3.33;1.94;3.44;6.85;5.5;3.32;1.66;2.59;4.76;3.34;2.11;3;29.72
22898;apuana;paedomorphic;Italy;Costa Rimacina. Luriano. Chindino.Siena. Toscana;41.75;17.99;17.99;6.92;8.83;6.98;5.3;7.45;5.16;3.43;1.58;2.46;4.81;3.38;1.93;3.15;7.55;5.17;3.83;1.74;3.15;5.72;3.34;1.95;3.23;28.33
22892;apuana;paedomorphic;Italy;Costa Rimacina. Luriano. Chindino.Siena. Toscana;41.59;18.73;18.73;7.51;9.88;8.1;4.95;7.28;5.83;3.85;2.12;2.63;5.35;3.57;2.35;3.37;7.28;5.9;3.54;2.2;3.15;5.59;3.68;2.4;3.63;29.1
22897;apuana;paedomorphic;Italy;Costa Rimacina. Luriano. Chindino.Siena. Toscana;41.26;16.46;17.18;8.16;10.3;7.56;5.1;7.39;5.66;3.68;2;2.93;5.52;3.42;2.1;3.52;7.39;6.9;3.73;1.82;2.68;5.76;3.76;2.27;3.42;33.5
22919;apuana;paedomorphic;Italy;Costa Rimacina. Luriano. Chindino.Siena. Toscana;37.72;15.76;15.76;6.33;9.82;7.25;4.73;7.11;5.8;3.7;1.75;2.81;5.11;3.5;2.4;2.67;7.24;5.4;3.63;2.2;3.8;5.27;3.54;2.33;3.75;25.72
22893;apuana;paedomorphic;Italy;Costa Rimacina. Luriano. Chindino.Siena. Toscana;43.83;18.23;18.23;8.22;10.85;8.32;5.36;7.33;6.4;3.44;2.1;3.71;5.55;4.3;2.4;3.39;7.75;6.47;4.23;2.52;3.42;5.75;4.36;2.81;3.83;33.81
22896;apuana;paedomorphic;Italy;Costa Rimacina. Luriano. Chindino.Siena. Toscana;39.74;16.87;16.87;7.64;9.87;7.34;4.89;6.94;5.44;3.96;1.64;2.38;4.81;3.23;2.19;2.63;7.42;5.5;3.39;1.74;2.98;5.33;3.78;2.8;3.3;25.33
22905;apuana;paedomorphic;Italy;Costa Rimacina. Luriano. Chindino.Siena. Toscana;41.03;18.39;18.39;8.1;10.4;7.81;4.82;7.29;6.12;4.7;1.83;2.72;5.4;3.3;1.93;2.64;7.8;5.49;3.95;1.62;2.31;6.24;3.5;1.96;2.89;30.95
22911;apuana;paedomorphic;Italy;Costa Rimacina. Luriano. Chindino.Siena. Toscana;40.03;18.4;18.4;7.49;9.73;7.42;4.52;6.81;5.7;3.73;1.51;2.44;4.93;4.9;2.2;2.54;6.68;5.15;3.42;1.62;1.99;5.11;3.5;1.71;2.18;31
22904;apuana;paedomorphic;Italy;Costa Rimacina. Luriano. Chindino.Siena. Toscana;41.75;18.7;18.73;8.8;10.31;7.95;4.99;7.16;5.14;3.51;2.3;2.23;5.34;3.96;2.8;2.72;7.14;6.1;3.75;1.65;2.77;5.52;3.66;2.14;2.54;31.74
22923;apuana;paedomorphic;Italy;Costa Rimacina. Luriano. Chindino.Siena. Toscana;41.45;20.4;20.4;7.98;10.61;7.62;4.67;7.1;4.85;3.58;1.73;2.34;5.6;3.78;2.7;2.9;6.81;4.85;3.32;1.72;2.79;5.4;3.13;1.78;2.6;29.36
22906;apuana;paedomorphic;Italy;Costa Rimacina. Luriano. Chindino.Siena. Toscana;41.64;19.76;19.76;7.9;9.79;7.47;4.38;7.22;5.69;3.74;1.77;2.53;5.4;3.78;2.7;2.87;7.63;5.68;3.18;1.72;2.58;5.55;3.21;2.9;2.95;30.34
22903;apuana;paedomorphic;Italy;Costa Rimacina. Luriano. Chindino.Siena. Toscana;43.07;19.32;19.43;8.32;10.49;8.5;4.95;8;5.71;3.72;1.65;2.63;5.24;3.71;2.26;2.78;7.92;5.53;3.3;1.78;3.17;5.22;3.55;2.5;2.9;33.1
22914;apuana;paedomorphic;Italy;Costa Rimacina. Luriano. Chindino.Siena. Toscana;45.42;22;22;8.13;10.32;8.13;5.3;7.89;5.38;4.14;1.86;2.54;5.5;3.64;2.16;2.95;7.8;5.45;3.36;1.71;3.1;5.6;3.4;2.1;2.91;33.69
22907;apuana;paedomorphic;Italy;Costa Rimacina. Luriano. Chindino.Siena. Toscana;42.32;21.11;21.11;7.91;10.26;8.23;4.67;7.38;5.8;3.5;1.6;2.27;5.41;3.53;2.27;2.64;7.37;5.58;3.41;1.72;3.15;5.14;3.66;2.17;2.97;30
22900;apuana;paedomorphic;Italy;Costa Rimacina. Luriano. Chindino.Siena. Toscana;43.99;18.98;18.98;8.49;12.36;8.9;5.32;8.65;6.5;3.82;2.11;2.9;6.12;3.72;1.94;3.2;8.8;6.12;3.67;2.24;2.97;5.96;3.9;2.32;2.99;32.43
22920;apuana;paedomorphic;Italy;Costa Rimacina. Luriano. Chindino.Siena. Toscana;43.62;19.1;19.1;7.5;10.87;7.96;4.85;7.81;6.43;3.82;1.86;2.15;6.4;4.29;2.17;2.86;7.76;5.82;3.8;1.87;2.53;6.56;3.81;2.2;3.1;32.6
22901;apuana;paedomorphic;Italy;Costa Rimacina. Luriano. Chindino.Siena. Toscana;38.9;19.8;19.8;7.9;9.79;6.99;4.77;6.59;5.33;3.79;1.64;2.22;5.29;3.66;2.11;2.47;7.39;5.56;3.53;1.68;2.23;5.49;3.32;1.98;2.49;30.4
22902;apuana;paedomorphic;Italy;Costa Rimacina. Luriano. Chindino.Siena. Toscana;38.82;16.88;16.88;7.52;9.62;7.36;4.69;7.22;5.8;3.73;1.78;2.48;5.26;3.38;1.85;2.62;7;5.37;3.54;1.69;2.84;5.23;3.44;1.93;2.52;31.43
22910;apuana;paedomorphic;Italy;Costa Rimacina. Luriano. Chindino.Siena. Toscana;43.08;17.94;17.94;8.98;10.99;8.14;5.22;8.17;6.44;3.94;1.99;2.91;6.23;3.95;2.25;3.78;8.25;6.2;3.93;2.5;2.99;6.24;3.53;2.13;2.96;31.39
22913;apuana;paedomorphic;Italy;Costa Rimacina. Luriano. Chindino.Siena. Toscana;43.07;18.57;18.8;7.97;10.69;8.2;5.2;7.68;5.77;3.31;1.69;2.75;5.79;3.78;2.18;3.7;7.85;5.13;3.26;2;3.9;5.87;3.56;2.11;2.68;30.97
22909;apuana;paedomorphic;Italy;Costa Rimacina. Luriano. Chindino.Siena. Toscana;37.17;16.69;16.69;6.96;9.64;6.99;4.65;6.98;4.98;3.34;1.37;2.37;5.3;3.22;1.87;2.35;6.89;4.66;3.19;1.55;2.49;4.86;3.31;1.91;2.38;28.51
22912;apuana;paedomorphic;Italy;Costa Rimacina. Luriano. Chindino.Siena. Toscana;37.83;17.62;17.62;7.18;10.3;6.74;4.32;6.48;5.59;3.4;1.42;2.14;5.22;3.44;1.9;2.37;6.59;4.72;3.39;1.77;2.74;5.16;3.5;2.8;3.1;31.32
22908;apuana;paedomorphic;Italy;Costa Rimacina. Luriano. Chindino.Siena. Toscana;42.69;19.69;19.69;8;10.82;8.38;4.77;8.4;6;4.9;1.54;1.8;5.64;4.18;1.82;2.66;7.42;5.53;3.53;1.74;3.6;5.43;4;2.11;2.74;31.34
22922;apuana;paedomorphic;Italy;Costa Rimacina. Luriano. Chindino.Siena. Toscana;41.35;19.92;19.92;7.56;10.27;7.68;4.86;7.65;5.3;3.57;1.59;2.61;5.69;3.61;2.5;2.75;7.4;5.56;3.22;1.72;2.66;5.52;3.19;1.77;2.55;32.8
22921;apuana;paedomorphic;Italy;Costa Rimacina. Luriano. Chindino.Siena. Toscana;40.31;17.15;17.15;7.2;10.32;8.25;5.3;7.71;5.44;4.15;1.73;2.51;5.24;3.37;2.14;2.88;7.37;5.98;3.71;1.63;2.14;5.4;3.48;2.11;2.69;29.89
22935;apuana;metamorphic;Italy;Lago Baccio. Modena;43.02;19.47;19.47;6.59;9.85;7.81;4.56;7.79;5.55;3.99;2.15;2.82;5.64;4.4;2.46;3.56;8.26;5.67;4.3;2.13;3.2;5.45;3.75;2.39;3.35;30.46
22933;apuana;metamorphic;Italy;Lago Baccio. Modena;46.77;20.15;20.15;6.62;10.25;9.24;5.17;8.94;6.24;4.83;2.68;3.31;5.84;4;2.8;3.51;8.72;5.92;4.44;2.41;3.36;5.98;4.3;2.78;3.9;37.83
22932;apuana;metamorphic;Italy;Lago Baccio. Modena;37.35;15.7;15.13;5.71;8.88;7.38;3.76;7.1;4.68;3.4;1.82;2.37;4.46;3.22;2.2;2.7;7.15;5.14;3.12;1.92;3.4;4.95;3.55;2.4;3.5;30.55
22931;apuana;metamorphic;Italy;Lago Baccio. Modena;42.26;18.37;18.37;6.15;9.84;8.21;4.32;8.51;5.67;3.95;1.99;2.69;5.6;3.93;2.64;3.61;7.33;5.88;3.73;2.28;3.24;5.15;3.46;2.36;2.9;33.32
22934;apuana;metamorphic;Italy;Lago Baccio. Modena;36.31;15.32;15.71;5.49;8.74;7.67;3.76;7.67;5.12;3.53;1.54;2.24;4.64;3.41;2.25;2.49;6.97;4.85;3.13;1.71;2.5;4.76;3.1;1.95;2.45;26.82
22924;apuana;undergoing metamorphosis;Italy;Lago Baccio. Modena;46.2;20.77;20.77;6.44;10.42;8.33;4.71;8.86;6.31;4.33;2.28;2.85;5.88;4.34;2.57;3.22;8.93;6.35;4.1;2.2;3;5.44;3.88;2.46;3.33;38.16
22925;apuana;undergoing metamorphosis;Italy;Lago Baccio. Modena;45.97;20.4;20.56;6.3;10.39;8.96;4.57;8.86;5.55;4.24;2.23;3.8;5.98;3.97;2.26;3.6;8.31;5.89;4.5;2.4;2.88;5.78;3.96;2.52;3.66;35.42
22929;apuana;undergoing metamorphosis;Italy;Lago Baccio. Modena;42.65;18.22;18.22;6.23;9.64;8.43;4.5;8.19;6.28;3.9;1.95;2.67;5.22;3.92;2.29;2.93;8.3;5.73;3.67;2.19;3.2;5.44;3.46;2.24;3.11;36.58
22936;apuana;undergoing metamorphosis;Italy;Lago Baccio. Modena;40.35;17.67;17.67;5.96;9.75;8.1;4.5;8.32;5.22;3.92;1.95;2.9;4.9;3.56;2.4;2.59;7.83;5.8;3.6;2.8;2.43;5;3.47;1.96;2.52;31.02
22930;apuana;undergoing metamorphosis;Italy;Lago Baccio. Modena;40.67;17.24;17.24;6.17;9.99;7.95;3.98;8.4;5.55;3.82;1.96;2.71;4.81;3.53;1.98;2.6;8.12;5.36;3.67;1.95;2.59;4.79;3.46;2.43;2.79;33.15
22927;apuana;paedomorphic;Italy;Lago Baccio. Modena;50.57;21.88;21.88;7.83;12.67;10.3;5.91;9.56;6.71;4.76;2.2;3.24;7.7;4.54;2.58;3.43;9.3;7.11;4.84;2.25;2.89;6.54;4.46;2.49;3.44;41.65
22926;apuana;paedomorphic;Italy;Lago Baccio. Modena;53.54;24.18;24.18;8.67;12.8;11.29;5.84;10.69;8.1;5.6;2.33;3.46;6.72;5.16;2.58;3.44;10.61;7.7;4.73;2.45;3.34;7.22;4.48;2.81;3.9;45.76
22928;apuana;paedomorphic;Italy;Lago Baccio. Modena;49.95;20.88;20.79;8.48;12.24;10.36;5.53;9.95;7.13;5.3;2.62;3.3;6.62;5.5;2.88;4.1;9.21;7.69;4.49;2.57;3.61;7.7;4.92;2.96;4.7;44.31
20401;apuana;metamorphic;Italy;Costa Rimacina. Luriano. Chindino.Siena. Toscana;41.05;17.19;17.19;6.81;8.9;7.75;4.58;8.26;5.96;4.78;2.34;2.82;5.5;3.97;2.52;3.57;7.54;5.67;3.72;2.24;2.87;4.86;3.8;2.63;3.32;32.26
20403;apuana;metamorphic;Italy;Costa Rimacina. Luriano. Chindino.Siena. Toscana;41.79;18.4;18.4;6.71;9.2;7.88;4.78;8.75;5.44;4.33;2.26;3.3;5.47;3.87;2.35;3.19;7.78;5.79;4.33;2.37;2.9;5.28;3.99;2.47;3.16;31.24
20402;apuana;metamorphic;Italy;Costa Rimacina. Luriano. Chindino.Siena. Toscana;39.55;16.51;16.51;6.33;9.11;7.77;4.29;7.65;6.5;4.29;1.98;2.95;5.98;3.8;2.37;3.42;7.48;5.65;4.32;1.93;2.85;5.6;4.27;2.31;3.15;30.38
20404;apuana;paedomorphic;Italy;Costa Rimacina. Luriano. Chindino.Siena. Toscana;40.12;17.62;17.62;6.48;9.38;7.46;4.91;7.69;6.13;4.11;2.17;2.61;5.67;4.11;2.27;3.3;7.54;4.63;3.81;2.16;2.89;5.17;4.28;2.37;2.96;27.59
20407;apuana;paedomorphic;Italy;Costa Rimacina. Luriano. Chindino.Siena. Toscana;37.74;14.87;14.87;7.2;9.13;7.29;4.95;7.29;5.62;4.1;1.89;2.44;5.5;3.75;2.15;2.7;7.27;5.62;3.95;1.81;2.57;4.31;3.23;2.16;2.87;27.51
20406;apuana;paedomorphic;Italy;Costa Rimacina. Luriano. Chindino.Siena. Toscana;38.39;15.71;15.71;6.62;9.18;7.2;5.4;7.4;5.21;3.68;2.9;2.47;5.62;3.88;2.9;2.62;6.83;5.19;3.87;2.5;2.85;4.75;3.81;2.24;3.1;26.57
20408;apuana;paedomorphic;Italy;Costa Rimacina. Luriano. Chindino.Siena. Toscana;36.78;15.17;15.17;6.13;8.93;6.92;4.24;7.32;5.64;3.38;1.91;2.15;5.2;3.45;2.7;2.81;6.94;5.88;3.74;1.83;2.67;5.46;3.53;2.1;2.84;27.59
20405;apuana;paedomorphic;Italy;Costa Rimacina. Luriano. Chindino.Siena. Toscana;38.72;15.53;15.53;6.88;10.43;7.36;4.97;7.83;5.1;3.8;1.99;2.4;4.96;3.49;2.9;2.58;7.25;5.31;3.87;1.91;2.71;5.22;3.86;2.24;3.17;24.58
20413;apuana;paedomorphic;Italy;Costa Rimacina. Luriano. Chindino.Siena. Toscana;39.36;17.12;17.12;7.13;9.7;7.63;4.64;7.62;5.63;3.82;1.91;2.31;5.65;4.17;1.93;2.75;7.12;5.99;3.3;1.79;2.13;5.94;3.91;1.68;2.46;29.18
20409;apuana;paedomorphic;Italy;Costa Rimacina. Luriano. Chindino.Siena. Toscana;41.26;17.22;17.22;7.36;10.9;7.9;5.51;8.51;5.87;4.26;2.6;2.62;6.3;4.2;2.43;2.92;7.77;6.94;4.34;1.9;2.75;7.6;4.28;2.18;3.26;31
20414;apuana;paedomorphic;Italy;Costa Rimacina. Luriano. Chindino.Siena. Toscana;39.19;17.3;17.3;6.76;10.63;7.52;4.94;7.3;5.7;3.34;1.71;1.93;5.22;3.54;1.83;2.3;7.69;5.34;3.49;1.49;2.47;4.45;3.9;1.58;2.29;30.43
20418;apuana;paedomorphic;Italy;Costa Rimacina. Luriano. Chindino.Siena. Toscana;35.2;14.71;14.71;6.95;8.85;6.42;4.59;6.86;5.52;3.3;1.55;1.97;4.7;3.28;1.68;2.38;6.87;5.32;3.9;1.7;2.31;4.52;3.77;1.86;2.69;29.87
20417;apuana;paedomorphic;Italy;Costa Rimacina. Luriano. Chindino.Siena. Toscana;35.14;14.18;14.18;6.24;8.7;7.6;4.19;7.4;5.12;3.22;1.63;2.69;5.31;3.25;1.89;2.46;7.7;5.39;3.29;1.46;2.21;4.66;3.42;2.23;2.69;29.29
20415;apuana;paedomorphic;Italy;Costa Rimacina. Luriano. Chindino.Siena. Toscana;35.53;15.57;15.57;6.16;9.8;6.9;4.44;7.4;5;3.76;1.76;2.31;5.42;3.81;2.5;2.15;6.27;4.44;3.27;1.8;2.27;5.3;2.92;1.88;2.9;28.79
20416;apuana;paedomorphic;Italy;Costa Rimacina. Luriano. Chindino.Siena. Toscana;35.22;14.99;14.99;7.5;9.61;7.15;4.61;7.12;5.5;3.37;1.78;2.16;4.8;3.1;1.79;2.61;6.87;4.93;3.34;1.72;2.33;4.23;3.19;1.91;2.56;27.95
20410;apuana;paedomorphic;Italy;Costa Rimacina. Luriano. Chindino.Siena. Toscana;38.55;16.2;16.2;6.6;9.19;7.4;4.68;6.84;4.61;3.9;1.71;2.2;4.83;3.74;1.75;2.61;6.82;4.93;3.21;1.87;2.35;4.55;3.12;2.21;2.62;30.49
20412;apuana;paedomorphic;Italy;Costa Rimacina. Luriano. Chindino.Siena. Toscana;39.59;17.34;17.34;6.36;10.12;7.37;5.38;7.21;5.96;4.19;1.67;2.57;5.44;4.12;2.9;2.26;7.26;4.58;3.53;1.9;2.36;5.39;3.4;1.54;2.54;26.6
20411;apuana;paedomorphic;Italy;Costa Rimacina. Luriano. Chindino.Siena. Toscana;38.69;17.6;17.6;7.5;9.91;7.56;5.26;6.94;5.5;4.1;1.75;2.44;5.6;3.95;1.89;2.46;7.25;5.15;3.99;1.78;2.61;5.28;3.43;2;2.96;28.32
1992-2687;apuana;paedomorphic;Italy;Lago Secco. Accumoli;46.05;21.81;21.81;8.25;11.16;8.45;6.45;8.8;6.53;4.46;2.18;3.45;5.6;4.43;2.5;3.24;8.75;5.57;3.82;2.51;3.1;5.81;4.29;2.4;3.61;33.24
1992-2685;apuana;paedomorphic;Italy;Lago Secco. Accumoli;41.52;19.2;19.2;8.1;10.49;7.96;5.89;8.3;6.45;4.3;2.34;3.56;5.49;4.9;2.34;3.92;7.47;6.13;4.11;2.14;3.51;5.24;4.32;2.46;3.99;31.22
1992-2686;apuana;paedomorphic;Italy;Lago Secco. Accumoli;43.92;20.32;20.32;8.87;10.43;8.44;5.77;8.83;5.8;4.21;2.42;3.25;5.24;4.26;2.57;3.67;7.79;5.25;3.89;2.65;4.24;5.26;4.7;2.78;4.36;NA
1992-2754;apuana;paedomorphic;Italy;Lago Secco. Accumoli;39.94;17.69;17.69;7.72;10.41;7.93;5.17;7.47;4.73;3.54;2.19;2.76;4.95;3.53;1.96;2.35;7.17;5;3.26;1.91;3.3;4.83;3.62;2.3;3.46;35.66
1992-2761;apuana;paedomorphic;Italy;Lago Secco. Accumoli;32.63;15.77;15.77;6.68;8.66;6.84;5.13;6.11;4.46;3.11;1.68;2.59;4.42;3.34;2.2;2.55;6.53;4.46;3.14;1.48;2.6;4.56;2.77;1.99;2.74;28.88
1992-2755;apuana;paedomorphic;Italy;Lago Secco. Accumoli;35.46;16.9;16.9;7.99;8.81;7.29;5.2;7.42;5.28;3.6;1.99;2.6;4.6;3.7;2.33;3.5;7.54;5.15;3.12;1.63;2.65;5.62;3.4;2.26;3.5;32.64
1992-2760;apuana;paedomorphic;Italy;Lago Secco. Accumoli;32.39;13.74;13.74;6.9;8.68;5.99;4.62;6.8;4.74;3.39;1.72;2.13;4;2.65;1.72;2.53;7.2;5.11;3.4;1.86;2.53;4.8;2.89;2.6;2.74;26.96
1992-2757;apuana;paedomorphic;Italy;Lago Secco. Accumoli;32.24;15.9;15.9;7.32;9.9;6.96;5.18;6.57;5.39;3.41;1.68;2.44;4.25;2.84;1.89;2.87;6.69;4.74;3;1.38;2.52;4.48;3.4;1.8;2.23;33.23
1992-2756;apuana;paedomorphic;Italy;Lago Secco. Accumoli;32.35;15.27;15.27;7.24;9.14;7.11;5.17;6.49;4.49;3.35;1.89;2.52;3.66;3.1;1.7;2.51;7.11;4.63;2.92;1.71;2.55;4.59;2.88;1.71;2.73;28.52
1992-2758;apuana;paedomorphic;Italy;Lago Secco. Accumoli;34.36;16.83;16.83;6.96;10;7.15;5.15;6.96;5.6;3.21;1.88;2.86;4.6;3.59;2.25;3.31;6.64;5.34;3.12;1.57;2.74;5.2;3.4;1.98;3.2;30.97
1992-2759;apuana;paedomorphic;Italy;Lago Secco. Accumoli;35.2;16.9;16.9;7.31;9.54;7.9;5.48;6.76;5.79;3.72;1.94;2.8;4.91;3.48;2.8;2.93;6.43;5.54;3.6;1.73;2.85;5.16;3.55;2.5;3.4;33.51
1992-2825;apuana;paedomorphic;Italy;Lago Secco. Accumoli;30.12;14.9;14.9;6.77;8.79;6.54;5.9;5.51;4.24;3.5;1.72;1.98;3.59;2.58;1.47;2.16;5.5;NA;NA;NA;NA;3.81;2.62;1.44;2.42;24.64
1992-2935;apuana;paedomorphic;Italy;Lago Secco. Accumoli;30.95;14.15;14.15;7.46;9.19;7.1;4.77;6.64;4.54;3.68;1.57;1.69;4.3;3.32;1.65;2.52;6.39;4.53;3;1.51;2.34;3.73;2.64;1.78;2.68;27.63
1992-2936;apuana;paedomorphic;Italy;Lago Secco. Accumoli;32.39;14.96;14.96;7.8;9.33;7.1;5.36;6.5;4.97;3.29;1.66;2.29;4.53;2.94;1.84;2.73;6.59;4.2;2.82;1.51;2.61;5.2;3.36;1.7;2.72;32.06
1992-2933;apuana;paedomorphic;Italy;Lago Secco. Accumoli;33.79;16.18;16.18;7.19;9.55;7.21;5.4;7.19;4.77;3.1;1.84;2.14;4.71;3.21;1.59;2.46;6.5;4.53;3.45;1.82;2.37;4.79;2.94;1.76;2.76;26.72
1992-2934;apuana;paedomorphic;Italy;Lago Secco. Accumoli;33.3;15.6;15.6;6.82;9.32;7.28;5.44;6.34;4.4;3.3;1.81;2.56;4.75;3.31;1.89;2.79;6.29;5.5;2.89;1.62;1.15;4.16;3.6;1.85;2.38;27.7
1992-2931;apuana;paedomorphic;Italy;Lago Secco. Accumoli;43.9;20.8;20.8;10.14;11.33;9.7;7.15;8.49;6.8;4.86;2.32;3.25;6.25;4.59;2.48;3.21;8.2;6.54;4.25;2.41;3.19;6.7;3.89;2.58;3.39;40.94
1992-2932;apuana;paedomorphic;Italy;Lago Secco. Accumoli;48.23;24.3;23.93;7.56;11.23;9.11;5.21;9.78;6.72;4.85;2.27;3.16;6.52;5.4;2.4;3.88;9.55;7.9;4.7;2.57;3.56;6.96;4.88;2.84;3.68;21.24
1992-2797;apuana;paedomorphic;Italy;Lago Secco. Accumoli;37.28;17.17;17.17;7.74;9.29;7.58;5.18;7.94;5.44;3.79;1.83;2.36;4.71;3.75;2.26;2.63;7.9;4.7;3.28;2.15;3.27;4.53;3.47;2.38;2.98;34.63
1992-2824;apuana;paedomorphic;Italy;Lago Secco. Accumoli;29.66;13.16;13.16;6.54;8.49;6.52;4.57;5.48;3.45;2.67;1.54;1.92;4.17;2.96;1.79;2.56;6.15;4.31;2.89;1.76;1.81;3.9;2.79;2.7;2.86;29.46
1992-2823;apuana;paedomorphic;Italy;Lago Secco. Accumoli;33.27;15.9;15.6;8.83;10.6;7.52;5.64;6.92;4.65;2.97;1.63;2.21;4.64;2.67;1.72;1.94;6.5;4.41;3.28;1.83;2.65;4.39;3.6;1.84;2.59;30.12
1992-2822;apuana;paedomorphic;Italy;Lago Secco. Accumoli;29.38;12.66;12.66;6.73;8.86;6.98;4.45;5.8;4.75;3.15;1.5;2.14;2.9;2.52;1.88;2.51;6.47;4.44;3.7;1.63;2.12;3.19;2.76;1.57;2.3;27.74
176570;apuana;metamorphic;Italy;Mt. Pond above Tarsagno. Parma Prov;42.38;NA;NA;NA;NA;NA;NA;NA;NA;NA;NA;NA;NA;NA;NA;NA;NA;NA;NA;NA;NA;NA;NA;NA;NA;NA
176571;apuana;metamorphic;Italy;Mt. Pond above Tarsagno. Parma Prov;45.41;NA;NA;NA;NA;NA;NA;NA;NA;NA;NA;NA;NA;NA;NA;NA;NA;NA;NA;NA;NA;NA;NA;NA;NA;NA
178851;apuana;metamorphic;Italy;Mt. Pond above Tarsagno. Parma Prov;40.22;NA;NA;NA;NA;NA;NA;NA;NA;NA;NA;NA;NA;NA;NA;NA;NA;NA;NA;NA;NA;NA;NA;NA;NA;NA
178852;apuana;metamorphic;Italy;Mt. Pond above Tarsagno. Parma Prov;45.11;NA;NA;NA;NA;NA;NA;NA;NA;NA;NA;NA;NA;NA;NA;NA;NA;NA;NA;NA;NA;NA;NA;NA;NA;NA
178853;apuana;metamorphic;Italy;Mt. Pond above Tarsagno. Parma Prov;41.47;NA;NA;NA;NA;NA;NA;NA;NA;NA;NA;NA;NA;NA;NA;NA;NA;NA;NA;NA;NA;NA;NA;NA;NA;NA
178854;apuana;metamorphic;Italy;Mt. Pond above Tarsagno. Parma Prov;42.39;NA;NA;NA;NA;NA;NA;NA;NA;NA;NA;NA;NA;NA;NA;NA;NA;NA;NA;NA;NA;NA;NA;NA;NA;NA
178855;apuana;metamorphic;Italy;Mt. Pond above Tarsagno. Parma Prov;45.09;NA;NA;NA;NA;NA;NA;NA;NA;NA;NA;NA;NA;NA;NA;NA;NA;NA;NA;NA;NA;NA;NA;NA;NA;NA
178856;apuana;metamorphic;Italy;Mt. Pond above Tarsagno. Parma Prov;42.45;NA;NA;NA;NA;NA;NA;NA;NA;NA;NA;NA;NA;NA;NA;NA;NA;NA;NA;NA;NA;NA;NA;NA;NA;NA
178857;apuana;metamorphic;Italy;Mt. Pond above Tarsagno. Parma Prov;43.56;NA;NA;NA;NA;NA;NA;NA;NA;NA;NA;NA;NA;NA;NA;NA;NA;NA;NA;NA;NA;NA;NA;NA;NA;NA
178858;apuana;metamorphic;Italy;Mt. Pond above Tarsagno. Parma Prov;43.02;NA;NA;NA;NA;NA;NA;NA;NA;NA;NA;NA;NA;NA;NA;NA;NA;NA;NA;NA;NA;NA;NA;NA;NA;NA
178859;apuana;metamorphic;Italy;Mt. Pond above Tarsagno. Parma Prov;41.71;NA;NA;NA;NA;NA;NA;NA;NA;NA;NA;NA;NA;NA;NA;NA;NA;NA;NA;NA;NA;NA;NA;NA;NA;NA
191954;apuana;metamorphic;Italy;Becciano. 10 km N Pisa;58.33;NA;NA;NA;NA;NA;NA;NA;NA;NA;NA;NA;NA;NA;NA;NA;NA;NA;NA;NA;NA;NA;NA;NA;NA;NA
191955;apuana;metamorphic;Italy;Becciano. 10 km N Pisa;53.94;NA;NA;NA;NA;NA;NA;NA;NA;NA;NA;NA;NA;NA;NA;NA;NA;NA;NA;NA;NA;NA;NA;NA;NA;NA
191956;apuana;metamorphic;Italy;Becciano. 10 km N Pisa;51.96;NA;NA;NA;NA;NA;NA;NA;NA;NA;NA;NA;NA;NA;NA;NA;NA;NA;NA;NA;NA;NA;NA;NA;NA;NA
191957;apuana;metamorphic;Italy;Becciano. 10 km N Pisa;54.73;NA;NA;NA;NA;NA;NA;NA;NA;NA;NA;NA;NA;NA;NA;NA;NA;NA;NA;NA;NA;NA;NA;NA;NA;NA
1016799;alpestris;paedomorphic;Switzerland;Rüschelzmoos. Ins;45.71;21.49;21.49;7.74;9.29;8.69;4.14;7.15;6.61;4.47;2.23;2.53;5.51;4.45;2.7;3.34;7.25;5.55;3.9;2.33;2.7;5.8;4.38;2.29;3.17;35.25
1016900;alpestris;paedomorphic;Switzerland;Wald (AR);45.05;21.18;21.18;6.89;8.65;7.43;3.5;7.34;5.72;3.59;1.77;2.87;5.51;3.74;2.6;3.37;6.72;6.55;3.81;1.54;2.82;5.49;3.6;2.43;3.3;38.66
1047562;alpestris;paedomorphic;Switzerland;Hergiswald. Kriens;49.48;23.52;23.52;8.35;9.91;9.37;5.54;8.53;7.2;4.77;2.72;3.38;5.91;3.55;2.87;2.39;8.51;7.2;4.1;2.46;3.51;6.51;3.99;2.44;3.56;45.68
1053490;alpestris;paedomorphic;Switzerland;Auried. Kleinbösingen;42.46;20.11;20.11;8.88;8.1;9.34;5.37;6.7;4.91;3.50;2.48;2.64;4.64;3.40;2.51;2.99;5.48;5.5;3.2;2.13;2.84;4.99;2.82;2.10;2.94;36.36
8773-1;alpestris;paedomorphic;Switzerland;Lago Antilone.  Alpi Lepontime. Schweiz;38.31;17.45;17.46;6.26;8.6;6.27;3.71;7.46;4.98;3.71;1.62;1.62;3.95;3.21;1.52;2.32;6.86;4.69;3.4;1.42;2.2;4.36;3.62;1.7;2.24;31.76
8866-1;alpestris;paedomorphic;Bosnia;Jezero b.Trnovo.  Bosnien. Jugoslawien;49.3;22.96;22.47;8.13;12.76;11.1;6.5;9.62;4.93;3.98;1.93;2.29;5.96;4.5;2.2;3.19;9.37;5.63;4.69;2.29;3.37;5.6;4.5;2.33;3.43;38.14
8866-2;alpestris;paedomorphic;Bosnia;Jezero b.Trnovo.  Bosnien. Jugoslawien;42.87;19.4;19.3;8.3;12.19;9.15;5.95;8.27;5.85;4.7;1.51;3.5;5.4;3.42;2.2;3.39;8.28;5.3;3.41;1.78;3.24;4.97;3.74;2.5;3.34;36.18
8866-3;alpestris;paedomorphic;Bosnia;Jezero b.Trnovo.  Bosnien. Jugoslawien;46.19;20.9;20.9;7.57;11.8;10.19;6.1;8.5;5.15;3.78;1.36;2.16;4.87;3.4;1.73;2.86;8.65;5;3.91;1.4;2.47;5.5;3.31;1.59;2.51;40.32
8866-4;alpestris;paedomorphic;Bosnia;Jezero b.Trnovo.  Bosnien. Jugoslawien;46.59;20.71;20.71;8.64;10.27;9.43;4.65;9.79;6.35;4.16;2.11;2.99;6.23;4.28;2.6;2.72;9.24;6.15;4.63;2.6;3.25;6.11;4.26;2.6;2.51;38.75
8866-5;alpestris;paedomorphic;Bosnia;Jezero b.Trnovo.  Bosnien. Jugoslawien;43.47;17.17;17.57;7.67;12.19;9.78;5.16;8.63;5.42;3.63;2.8;3.1;5.77;3.9;2.28;3;8.29;4.93;3.76;2.13;3.76;5.67;3.41;2.32;2.91;34.66
8866-6;alpestris;paedomorphic;Bosnia;Jezero b.Trnovo.  Bosnien. Jugoslawien;42.42;17.6;17.6;7.26;10.99;8.76;5.26;8.38;5.7;3.77;1.88;2.47;6.55;4.17;2.18;3.19;8.31;5.25;3.74;2.11;2.73;6.22;3.5;2.23;3.75;35.57
8866-7;alpestris;paedomorphic;Bosnia;Jezero b.Trnovo.  Bosnien. Jugoslawien;44.95;20.16;19.72;7.48;10.5;9.3;5.9;9.2;5.99;3.95;2.1;3.1;6.19;4.36;2.38;3.14;8.63;6.18;3.71;1.84;2.64;5.9;4.31;2.3;3.96;33.29
8866-8;alpestris;paedomorphic;Bosnia;Jezero b.Trnovo.  Bosnien. Jugoslawien;46.76;20.45;20.45;8.31;12.71;9.2;5.98;9.1;5.97;4.7;1.99;1.99;6.2;4.5;2.15;3.27;8.97;6.4;4.9;1.9;1.56;5.5;3.54;2.42;2.96;39.15
8866-9;alpestris;paedomorphic;Bosnia;Jezero b.Trnovo.  Bosnien. Jugoslawien;48.47;19.94;19.94;8.5;11.87;11.26;5.65;9.67;4.43;4.8;1.97;3.3;5.88;4.23;2.2;3.9;9.89;5.87;4.51;2.29;3.1;5.28;4.1;2.4;3.48;39.23
6278;alpestris;metamorphic;Bosnia;BIH > Südl. Sarajevo < Seen der Trescavica;42.08;18.37;18.64;6.52;9.33;7.88;4.24;8.67;4.65;3.84;1.99;2.48;4.93;3.75;1.86;2.4;8.27;4.84;3.42;1.47;2.81;4.89;3.54;2.18;2.53;32.38
6275;alpestris;metamorphic;Bosnia;BIH > Südl. Sarajevo < Seen der Trescavica;38.37;17.36;17.7;5.31;8.72;7.36;3.69;7.74;5.67;4.1;2.19;2.94;4.52;3.52;2.7;3.2;7.7;5.4;3.39;1.97;2.34;4.8;4.37;1.99;3.28;27.39
6279;alpestris;metamorphic;Bosnia;BIH > Südl. Sarajevo < Seen der Trescavica;36.13;16.85;15.35;5.52;9.1;7.4;3.47;8.4;6.14;4.12;1.7;2.7;4.96;3.71;2.39;2.84;7.94;5.68;3.5;1.77;2.48;5.8;3.53;2.8;2.73;28.65
6280;alpestris;metamorphic;Bosnia;BIH > Südl. Sarajevo < Seen der Trescavica;36.37;16.24;15.68;5.54;8.86;7.17;3.9;7.71;5.17;4.6;1.4;2.58;4.58;3.71;2.4;3.17;7.23;5.17;3.52;2.15;2.74;4.9;3.29;2.2;2.68;NA
6277;alpestris;metamorphic;Bosnia;BIH > Südl. Sarajevo < Seen der Trescavica;34.7;14.31;13.94;5.24;8.16;6.86;3.32;7.55;4.84;3.75;2.12;2.44;5.42;3.82;1.72;2.44;7.21;3.91;3.2;1.96;2.39;4.13;2.70;1.40;3.2;26.96
2409-084;apuana;metamorphic;Italy;Castello di Serravalle à25Km. Ouest Sud-Ouestde Bologne;52.05;25.69;26.93;7.31;10.14;8.26;4.84;8.75;6.16;4.47;2.34;3.29;5.97;4.16;3.2;3.64;9.5;6.13;4.18;2.35;3.47;6.28;4.69;2.69;3.23;39.94
2409-085;apuana;metamorphic;Italy;Castello di Serravalle à25Km. Ouest Sud-Ouestde Bologne;46.42;21.63;21.27;6.43;9.39;8.4;4.9;8.69;5.97;4.34;2.27;3.54;5.42;3.99;2.65;4.3;8.14;6.13;4.18;2.77;3.84;5.62;4.12;2.87;3.79;32.99
2409-086;apuana;metamorphic;Italy;Castello di Serravalle à25Km. Ouest Sud-Ouestde Bologne;42.21;18.79;19.86;6.26;8.38;7.34;4.17;8.5;5.2;3.9;2.65;3.26;4.68;3.58;2.56;3.64;7.73;5.13;3.49;2.86;1.79;4.9;3.46;2.64;3.73;29.94
2409-087;apuana;metamorphic;Italy;Castello di Serravalle à25Km. Ouest Sud-Ouestde Bologne;44.7;20.37;20.37;6.11;9.53;7.61;3.67;8.76;6.31;3.87;2.73;3.94;5.36;3.94;2.71;3.97;8.27;5.99;3.9;2.89;4.1;5.55;4.22;2.82;4.32;34.88
2409-088;apuana;metamorphic;Italy;Castello di Serravalle à25Km. Ouest Sud-Ouestde Bologne;39.75;17.44;17.26;5.6;8.41;6.92;3.57;8.29;5.16;3.78;2.77;3.34;4.63;3.74;2.8;3.7;7.8;5.12;3.42;2.5;3.55;5.7;4.1;2.61;3.68;27.58
2409-089;apuana;metamorphic;Italy;Castello di Serravalle à25Km. Ouest Sud-Ouestde Bologne;42.69;18.67;18.67;5.86;9.4;7.47;3.8;8.86;5.94;4.25;2.64;3.13;5.41;3.93;2.71;3.3;8.2;5.61;3.51;2.7;3.7;5.42;3.77;2.81;3.33;31.9
2409-090;apuana;metamorphic;Italy;Castello di Serravalle à25Km. Ouest Sud-Ouestde Bologne;38.54;17.33;17.33;5.72;8.38;6.92;3.2;8.7;5.13;3.88;2.36;2.86;4.84;3.79;2.56;2.94;7.34;5.17;3.37;2.48;2.83;5.1;3.88;2.81;3.29;21.21
15370;apuana;metamorphic;Italy;lac de ninfa. apennines. italy;46.03;22.31;22.31;7.17;9.96;8.62;4.81;8.62;5.62;4.4;2.1;2.57;5.49;3.61;2.13;2.85;8;5.76;3.59;1.94;2.76;5.51;3.39;2.17;3.4;37.01
14020;apuana;metamorphic;Italy;Laghetto dei Bagni. monte Cimone. Modena. Italia;43.4;18.91;19.8;6.7;9.25;7.16;4.8;7.55;5.6;3.8;2.2;2.98;5.14;4.2;2.55;3.2;7.53;5.85;3.7;2.2;3.2;5.22;3.63;2.16;3.42;28.94
14019;apuana;metamorphic;Italy;Laghetto dei Bagni. monte Cimone. Modena. Italia;41.94;19.88;19.88;6.51;9.28;7.53;4.2;7.32;5.63;4.19;2.18;2.77;5.33;4.14;2.51;3.3;7.72;5.31;3.27;2.5;2.96;4.92;3.66;2.31;3.4;30.6
20526;apuana;metamorphic;Italy;Laghetto dei Bagni. monte Cimone. Modena. Italia;47.1;21.28;21.6;7.12;9.5;8.1;4.47;7.62;5.73;3.82;2.31;2.84;5.78;4.2;2.7;3.72;7.68;6.6;4.58;2.63;3.25;5.38;3.95;2.45;3.31;34.97
14018;apuana;metamorphic;Italy;Laghetto dei Bagni. monte Cimone. Modena. Italia;43.56;19.21;19.21;6.48;9.83;7.46;4.7;8.14;5.86;3.58;1.79;3.12;5.23;4.6;2.37;3.37;7.88;5.68;3.8;1.95;3.1;5.83;3.57;2.12;3.39;30.64
1992-2926;apuana;paedomorphic;Italy;Lago della Selva;33.07;14.8;14.8;6.55;8.26;6.6;4.53;6.49;5.29;3.32;1.85;2.46;4.4;2.98;1.84;1.95;6.46;5.38;3.15;1.55;2.1;4.9;3.53;1.95;2.43;29.1
915-005;alpestris;metamorphic;Switzerland;Lac Noir;43.39;20.32;19.74;6.26;9.36;7.84;4.23;8.6;5.38;3.76;2.98;3.6;5.62;3.77;2.95;3.27;7.79;5.76;3.76;2.56;3.19;5.89;3.72;2.97;3.39;28.9
915-001;alpestris;metamorphic;Switzerland;La Ferrière;51.48;22.27;22.8;7.22;10.35;8.75;4.51;9.33;6.32;4.57;2.97;3.7;6.2;4.92;3.17;3.89;8.85;5.85;4.22;2.76;3.7;6.35;3.92;3;3.8;38.3
741-028a;alpestris;metamorphic;Switzerland;Pinchat;45.31;21.54;21.13;7.72;9.25;8.26;4.46;8.94;5.39;3.94;2.58;2.82;5.1;4.4;3.18;3.71;8.33;5.38;4.3;2.5;3.18;4.77;4.4;2.72;3.81;31.29
877-087n;alpestris;metamorphic;Switzerland;Sta.Maria. Val Muster;59.14;30;30;7.12;10.39;9.63;5.21;9.96;5.84;4.56;2.59;3.9;6.45;4.7;3.27;3.73;9.56;6.35;4.43;3;3.83;6.42;5.2;3.49;3.71;45.57
1119-054;alpestris;metamorphic;Switzerland;La Croue. Arzier;57.33;27.97;27.97;7.96;10.72;10.3;4.94;9.46;6.98;5.19;3.2;2.73;6.31;4.49;3.24;3.39;9.5;6.3;4.72;2.7;3.13;6.37;4.58;3.29;3.29;41.83