Collection;ID;sub-species;life-cycle;date;country;region;locality;Measured;cranium ;mandible ;mandible coronoid presence;Uh;Ch;Cb-1;Bb;Hb-1;Cb-2;Hb-2;;;;;;;;;;;;;
La Specola;22966;apuana;paedomorphic;3/97;Italy;;Chiusdino, Siena, Toscana;yes;yes;yes;yes;yes;no;no;no;no;no;no;;;;;;;;;;;;;
La Specola;22968;apuana;paedomorphic;3/97;Italy;;Chiusdino, Siena, Toscana;yes;yes;yes;yes;yes;yes;yes;no;no;no;no;;;;;;;;;;;;;
La Specola;22971;apuana;paedomorphic;3/97;Italy;;Chiusdino, Siena, Toscana;yes;yes;yes;yes;yes;no;no;no;no;no;no;;;;;;;;;;;;;
La Specola;22974;apuana;undergoing metamorphosis;3/97;Italy;;Chiusdino, Siena, Toscana;yes;yes;yes;no;no;yes;yes;yes;yes;no;no;;;;;;;;;;;;;
La Specola;22973;apuana;paedomorphic;3/97;Italy;;Chiusdino, Siena, Toscana;yes;yes;yes;yes;yes;no;no;no;no;no;no;;;;;;;;;;;;;
La Specola;22969;apuana;paedomorphic;3/97;Italy;;Chiusdino, Siena, Toscana;yes;yes;yes;yes;yes;no;no;no;no;no;no;;;;;;;;;;;;;
La Specola;22967;apuana;paedomorphic;3/97;Italy;;Chiusdino, Siena, Toscana;yes;yes;yes;yes;yes;yes;yes;no;no;no;no;;;;;;;;;;;;;
La Specola;22972;apuana;paedomorphic;3/97;Italy;;Chiusdino, Siena, Toscana;yes;yes;yes;yes;yes;no;no;no;no;no;no;;;;;;;;;;;;;
La Specola;22975;apuana;undergoing metamorphosis;3/97;Italy;;Chiusdino, Siena, Toscana;yes;yes;yes;no;no;yes;yes;yes;yes;no;no;;;;;;;;;;;;;
La Specola;22970;apuana;paedomorphic;3/97;Italy;;Chiusdino, Siena, Toscana;yes;yes;yes;yes;yes;no;no;no;no;no;no;;;;;;;;;;;;;
La Specola;22965-1;apuana;paedomorphic;3/97;Italy;;Chiusdino, Siena, Toscana;yes;yes;yes;yes;yes;yes;yes;no;no;no;no;;;;;;;;;;;;;
La Specola;7991-1;apuana;paedomorphic;19/5/1940;Italy;;Lago Baccio, Modena;yes;yes;yes;yes;yes;no;no;no;no;no;no;;;;;;;;;;;;;
La Specola;7910;apuana;triphasic;19/5/1940;Italy;;Lago Baccio, Modena;yes;yes;yes;no;no;yes;yes;yes;yes;no;no;;;;;;;;;;;;;
La Specola;7903;apuana;paedomorphic;19/5/1940;Italy;;Lago Baccio, Modena;yes;yes;yes;yes;yes;no;no;no;no;no;no;;;;;;;;;;;;;
La Specola;7920;apuana;triphasic;19/5/1940;Italy;;Lago Baccio, Modena;yes;yes;yes;no;no;yes;yes;yes;no;no;no;;;;;;;;;;;;;
La Specola;7913;apuana;paedomorphic;19/5/1940;Italy;;Lago Baccio, Modena;yes;yes;yes;yes;yes;no;no;no;no;no;no;;;;;;;;;;;;;
La Specola;7908;apuana;triphasic;19/5/1940;Italy;;Lago Baccio, Modena;yes;yes;yes;no;no;yes;yes;yes;yes;no;no;;;;;;;;;;;;;
La Specola;7930;apuana;undergoing metamorphosis;19/5/1940;Italy;;Lago Baccio, Modena;yes;yes;yes;no;no;yes;yes;yes;yes;no;no;;;;;;;;;;;;;
La Specola;7932;apuana;triphasic;19/5/1940;Italy;;Lago Baccio, Modena;yes;yes;yes;no;no;yes;yes;yes;yes;no;no;;;;;;;;;;;;;
La Specola;7914;apuana;undergoing metamorphosis;19/5/1940;Italy;;Lago Baccio, Modena;yes;yes;yes;no;no;no;yes;yes;yes;no;no;;;;;;;;;;;;;
La Specola;7967;apuana;paedomorphic;19/5/1940;Italy;;Lago Baccio, Modena;yes;yes;yes;yes;yes;no;no;no;no;no;no;;;;;;;;;;;;;
La Specola;7912;apuana;undergoing metamorphosis;19/5/1940;Italy;;Lago Baccio, Modena;yes;yes;yes;no;no;yes;yes;yes;yes;no;no;;;;;;;;;;;;;
La Specola;7919;apuana;undergoing metamorphosis;19/5/1940;Italy;;Lago Baccio, Modena;yes;yes;yes;no;no;yes;yes;yes;yes;no;no;;;;;;;;;;;;;
La Specola;7942;apuana;paedomorphic;19/5/1940;Italy;;Lago Baccio, Modena;yes;yes;yes;yes;yes;no;no;no;no;no;no;;;;;;;;;;;;;
La Specola;7925;apuana;triphasic;19/5/1940;Italy;;Lago Baccio, Modena;yes;yes;yes;no;no;yes;yes;yes;yes;no;no;;;;;;;;;;;;;
La Specola;7922;apuana;undergoing metamorphosis;19/5/1940;Italy;;Lago Baccio, Modena;yes;yes;yes;no;no;yes;yes;yes;yes;no;no;;;;;;;;;;;;;
La Specola;7924;apuana;triphasic;19/5/1940;Italy;;Lago Baccio, Modena;yes;yes;yes;no;no;yes;yes;yes;yes;no;no;;;;;;;;;;;;;
La Specola;7927;apuana;undergoing metamorphosis;19/5/1940;Italy;;Lago Baccio, Modena;yes;yes;yes;no;no;yes;yes;no;yes;no;no;;;;;;;;;;;;;
La Specola;7902;apuana;undergoing metamorphosis;19/5/1940;Italy;;Lago Baccio, Modena;yes;yes;yes;no;no;yes;yes;yes;yes;no;no;;;;;;;;;;;;;
La Specola;7923;apuana;undergoing metamorphosis;19/5/1940;Italy;;Lago Baccio, Modena;yes;yes;yes;no;no;yes;yes;yes;yes;no;no;;;;;;;;;;;;;
La Specola;7966;apuana;paedomorphic;19/5/1940;Italy;;Lago Baccio, Modena;yes;yes;yes;yes;yes;no;no;no;no;no;no;;;;;;;;;;;;;
La Specola;7958;apuana;paedomorphic;19/5/1940;Italy;;Lago Baccio, Modena;yes;yes;yes;yes;yes;no;no;no;no;no;no;;;;;;;;;;;;;
La Specola;7963;apuana;undergoing metamorphosis;19/5/1940;Italy;;Lago Baccio, Modena;yes;yes;yes;no;no;yes;yes;no;yes;no;no;;;;;;;;;;;;;
La Specola;7979;apuana;triphasic;19/5/1940;Italy;;Lago Baccio, Modena;yes;yes;yes;no;no;yes;yes;no;yes;no;no;;;;;;;;;;;;;
La Specola;7941;apuana;triphasic;19/5/1940;Italy;;Lago Baccio, Modena;yes;yes;yes;no;no;yes;yes;yes;yes;no;no;;;;;;;;;;;;;
La Specola;7943;apuana;paedomorphic;19/5/1940;Italy;;Lago Baccio, Modena;yes;yes;yes;yes;yes;no;no;no;no;no;no;;;;;;;;;;;;;
La Specola;7988;apuana;undergoing metamorphosis;19/5/1940;Italy;;Lago Baccio, Modena;yes;yes;yes;no;no;yes;yes;yes;yes;no;no;;;;;;;;;;;;;
La Specola;7965;apuana;undergoing metamorphosis;19/5/1940;Italy;;Lago Baccio, Modena;yes;yes;yes;no;no;yes;yes;yes;yes;no;no;;;;;;;;;;;;;
La Specola;7962;apuana;triphasic;19/5/1940;Italy;;Lago Baccio, Modena;yes;yes;yes;no;no;yes;yes;yes;yes;no;no;;;;;;;;;;;;;
La Specola;7978;apuana;paedomorphic;19/5/1940;Italy;;Lago Baccio, Modena;yes;yes;yes;yes;yes;no;no;no;no;no;no;;;;;;;;;;;;;
La Specola;7947;apuana;undergoing metamorphosis;19/5/1940;Italy;;Lago Baccio, Modena;yes;yes;yes;no;no;yes;yes;yes;yes;no;no;;;;;;;;;;;;;
La Specola;7964;apuana;triphasic;19/5/1940;Italy;;Lago Baccio, Modena;yes;yes;yes;no;no;yes;yes;yes;yes;no;no;;;;;;;;;;;;;
La Specola;7949;apuana;undergoing metamorphosis;19/5/1940;Italy;;Lago Baccio, Modena;yes;yes;yes;no;no;yes;yes;yes;yes;no;no;;;;;;;;;;;;;
La Specola;7956;apuana;paedomorphic;19/5/1940;Italy;;Lago Baccio, Modena;yes;yes;yes;yes;yes;yes;no;no;no;no;no;;;;;;;;;;;;;
La Specola;7984;apuana;undergoing metamorphosis;19/5/1940;Italy;;Lago Baccio, Modena;yes;yes;yes;no;no;yes;yes;yes;yes;no;no;;;;;;;;;;;;;
La Specola;7987;apuana;triphasic;19/5/1940;Italy;;Lago Baccio, Modena;yes;yes;yes;no;no;yes;yes;yes;yes;no;no;;;;;;;;;;;;;
La Specola;7960;apuana;undergoing metamorphosis;19/5/1940;Italy;;Lago Baccio, Modena;yes;yes;yes;no;no;yes;yes;yes;yes;no;no;;;;;;;;;;;;;
La Specola;7955;apuana;undergoing metamorphosis;19/5/1940;Italy;;Lago Baccio, Modena;yes;yes;yes;no;no;yes;yes;yes;yes;no;no;;;;;;;;;;;;;
La Specola;7990;apuana;triphasic;19/5/1940;Italy;;Lago Baccio, Modena;yes;yes;yes;no;no;yes;no;yes;yes;no;no;;;;;;;;;;;;;
La Specola;7939;apuana;undergoing metamorphosis;19/5/1940;Italy;;Lago Baccio, Modena;yes;yes;yes;no;yes;yes;no;yes;yes;no;no;;;;;;;;;;;;;
La Specola;7935;apuana;triphasic;19/5/1940;Italy;;Lago Baccio, Modena;yes;yes;yes;yes;no;no;yes;no;no;no;no;;;;;;;;;;;;;
La Specola;7952;apuana;undergoing metamorphosis;19/5/1940;Italy;;Lago Baccio, Modena;yes;yes;yes;no;no;yes;yes;yes;yes;no;no;;;;;;;;;;;;;
La Specola;7938;apuana;undergoing metamorphosis;19/5/1940;Italy;;Lago Baccio, Modena;yes;yes;yes;no;no;yes;no;yes;yes;no;no;;;;;;;;;;;;;
La Specola;7936;apuana;undergoing metamorphosis;19/5/1940;Italy;;Lago Baccio, Modena;yes;yes;yes;yes;no;yes;no;no;yes;no;no;;;;;;;;;;;;;
La Specola;7937;apuana;triphasic;19/5/1940;Italy;;Lago Baccio, Modena;yes;yes;yes;no;no;yes;yes;yes;yes;no;no;;;;;;;;;;;;;
La Specola;22887;apuana;triphasic;3/97;Italy;;Costa Rimacina, Luriano, Chindino,Siena, Toscana;yes;yes;yes;no;no;yes;yes;yes;yes;no;no;;;;;;;;;;;;;
La Specola;22886;apuana;triphasic;3/97;Italy;;Costa Rimacina, Luriano, Chindino,Siena, Toscana;yes;yes;yes;no;no;yes;yes;yes;yes;no;no;;;;;;;;;;;;;
La Specola;22889;apuana;triphasic;3/97;Italy;;Costa Rimacina, Luriano, Chindino,Siena, Toscana;yes;yes;yes;no;no;yes;yes;yes;yes;no;no;;;;;;;;;;;;;
La Specola;22891;apuana;triphasic;3/97;Italy;;Costa Rimacina, Luriano, Chindino,Siena, Toscana;yes;yes;yes;no;no;yes;yes;yes;yes;no;no;;;;;;;;;;;;;
La Specola;22888;apuana;triphasic;3/97;Italy;;Costa Rimacina, Luriano, Chindino,Siena, Toscana;yes;yes;yes;no;no;yes;yes;yes;yes;no;no;;;;;;;;;;;;;
La Specola;22890;apuana;triphasic;3/97;Italy;;Costa Rimacina, Luriano, Chindino,Siena, Toscana;yes;yes;yes;no;no;yes;yes;yes;yes;no;no;;;;;;;;;;;;;
La Specola;22916;apuana;paedomorphic;3/97;Italy;;Costa Rimacina, Luriano, Chindino,Siena, Toscana;yes;yes;yes;yes;yes;no;no;no;no;no;no;;;;;;;;;;;;;
La Specola;22899;apuana;paedomorphic;3/97;Italy;;Costa Rimacina, Luriano, Chindino,Siena, Toscana;yes;yes;yes;yes;yes;no;no;no;no;no;no;;;;;;;;;;;;;
La Specola;22918;apuana;paedomorphic;3/97;Italy;;Costa Rimacina, Luriano, Chindino,Siena, Toscana;yes;yes;yes;yes;yes;no;no;no;no;no;no;;;;;;;;;;;;;
La Specola;22917;apuana;paedomorphic;3/97;Italy;;Costa Rimacina, Luriano, Chindino,Siena, Toscana;yes;yes;yes;yes;yes;no;no;no;no;no;no;;;;;;;;;;;;;
La Specola;22895;apuana;paedomorphic;3/97;Italy;;Costa Rimacina, Luriano, Chindino,Siena, Toscana;yes;yes;yes;yes;yes;no;no;no;no;no;no;;;;;;;;;;;;;
La Specola;22894;apuana;paedomorphic;3/97;Italy;;Costa Rimacina, Luriano, Chindino,Siena, Toscana;yes;yes;yes;yes;yes;no;no;no;no;no;no;;;;;;;;;;;;;
La Specola;22898;apuana;paedomorphic;3/97;Italy;;Costa Rimacina, Luriano, Chindino,Siena, Toscana;yes;yes;yes;yes;yes;no;no;no;no;no;no;;;;;;;;;;;;;
La Specola;22892;apuana;paedomorphic;3/97;Italy;;Costa Rimacina, Luriano, Chindino,Siena, Toscana;yes;yes;yes;yes;yes;no;no;no;no;no;no;;;;;;;;;;;;;
La Specola;22897;apuana;paedomorphic;3/97;Italy;;Costa Rimacina, Luriano, Chindino,Siena, Toscana;yes;yes;yes;yes;yes;no;no;no;no;no;no;;;;;;;;;;;;;
La Specola;22919;apuana;paedomorphic;3/97;Italy;;Costa Rimacina, Luriano, Chindino,Siena, Toscana;yes;yes;yes;yes;yes;no;no;no;no;no;no;;;;;;;;;;;;;
La Specola;22893;apuana;paedomorphic;3/97;Italy;;Costa Rimacina, Luriano, Chindino,Siena, Toscana;yes;yes;yes;yes;yes;yes;yes;no;no;no;no;;;;;;;;;;;;;
La Specola;22896;apuana;paedomorphic;3/97;Italy;;Costa Rimacina, Luriano, Chindino,Siena, Toscana;yes;yes;yes;yes;yes;no;no;no;no;no;no;;;;;;;;;;;;;
La Specola;22905;apuana;paedomorphic;3/97;Italy;;Costa Rimacina, Luriano, Chindino,Siena, Toscana;yes;yes;yes;yes;yes;no;no;no;no;no;no;;;;;;;;;;;;;
La Specola;22911;apuana;paedomorphic;3/97;Italy;;Costa Rimacina, Luriano, Chindino,Siena, Toscana;yes;yes;yes;yes;yes;no;no;no;no;no;no;;;;;;;;;;;;;
La Specola;22904;apuana;paedomorphic;3/97;Italy;;Costa Rimacina, Luriano, Chindino,Siena, Toscana;yes;yes;yes;yes;yes;no;no;no;no;no;no;;;;;;;;;;;;;
La Specola;22923;apuana;paedomorphic;3/97;Italy;;Costa Rimacina, Luriano, Chindino,Siena, Toscana;yes;yes;yes;yes;yes;no;no;no;no;no;no;;;;;;;;;;;;;
La Specola;22906;apuana;paedomorphic;3/97;Italy;;Costa Rimacina, Luriano, Chindino,Siena, Toscana;yes;yes;yes;yes;yes;yes;yes;no;no;no;no;;;;;;;;;;;;;
La Specola;22903;apuana;paedomorphic;3/97;Italy;;Costa Rimacina, Luriano, Chindino,Siena, Toscana;yes;yes;yes;yes;yes;no;no;no;no;no;no;;;;;;;;;;;;;
La Specola;22914;apuana;paedomorphic;3/97;Italy;;Costa Rimacina, Luriano, Chindino,Siena, Toscana;yes;yes;yes;yes;yes;no;no;no;no;no;no;;;;;;;;;;;;;
La Specola;22907;apuana;paedomorphic;3/97;Italy;;Costa Rimacina, Luriano, Chindino,Siena, Toscana;yes;yes;yes;yes;yes;no;no;no;no;no;no;;;;;;;;;;;;;
La Specola;22900;apuana;paedomorphic;3/97;Italy;;Costa Rimacina, Luriano, Chindino,Siena, Toscana;yes;yes;yes;yes;yes;no;yes;no;no;no;no;;;;;;;;;;;;;
La Specola;22920;apuana;paedomorphic;3/97;Italy;;Costa Rimacina, Luriano, Chindino,Siena, Toscana;yes;yes;yes;yes;yes;no;no;no;no;no;no;;;;;;;;;;;;;
La Specola;22901;apuana;paedomorphic;3/97;Italy;;Costa Rimacina, Luriano, Chindino,Siena, Toscana;yes;yes;yes;yes;yes;no;no;no;no;no;no;;;;;;;;;;;;;
La Specola;22902;apuana;paedomorphic;3/97;Italy;;Costa Rimacina, Luriano, Chindino,Siena, Toscana;yes;yes;yes;yes;yes;no;no;no;no;no;no;;;;;;;;;;;;;
La Specola;22910;apuana;paedomorphic;3/97;Italy;;Costa Rimacina, Luriano, Chindino,Siena, Toscana;yes;yes;yes;yes;yes;no;yes;no;no;no;no;;;;;;;;;;;;;
La Specola;22913;apuana;paedomorphic;3/97;Italy;;Costa Rimacina, Luriano, Chindino,Siena, Toscana;yes;yes;yes;yes;yes;no;no;no;no;no;no;;;;;;;;;;;;;
La Specola;22909;apuana;paedomorphic;3/97;Italy;;Costa Rimacina, Luriano, Chindino,Siena, Toscana;yes;yes;yes;yes;yes;no;no;no;no;no;no;;;;;;;;;;;;;
La Specola;22912;apuana;paedomorphic;3/97;Italy;;Costa Rimacina, Luriano, Chindino,Siena, Toscana;yes;yes;yes;yes;yes;no;no;no;no;no;no;;;;;;;;;;;;;
La Specola;22922;apuana;paedomorphic;3/97;Italy;;Costa Rimacina, Luriano, Chindino,Siena, Toscana;yes;yes;yes;yes;yes;no;no;no;no;no;no;;;;;;;;;;;;;
La Specola;22921;apuana;paedomorphic;3/97;Italy;;Costa Rimacina, Luriano, Chindino,Siena, Toscana;yes;yes;yes;yes;yes;no;no;no;no;no;no;;;;;;;;;;;;;
La Specola;22908;apuana;paedomorphic;3/97;Italy;;Costa Rimacina, Luriano, Chindino,Siena, Toscana;yes;yes;yes;yes;yes;no;yes;no;no;no;no;;;;;;;;;;;;;
La Specola;22935;apuana;triphasic;3/97;Italy;;Lago Baccio, Modena;yes;yes;yes;no;no;yes;yes;yes;yes;no;no;;;;;;;;;;;;;
La Specola;22933;apuana;triphasic;3/97;Italy;;Lago Baccio, Modena;yes;yes;yes;no;no;yes;yes;yes;yes;no;no;;;;;;;;;;;;;
La Specola;22932;apuana;triphasic;3/97;Italy;;Lago Baccio, Modena;yes;yes;yes;no;no;yes;yes;yes;yes;no;no;;;;;;;;;;;;;
La Specola;22931;apuana;triphasic;3/97;Italy;;Lago Baccio, Modena;yes;yes;yes;no;no;yes;yes;yes;yes;no;no;;;;;;;;;;;;;
La Specola;22934;apuana;triphasic;3/97;Italy;;Lago Baccio, Modena;yes;yes;yes;no;no;yes;yes;yes;yes;no;no;;;;;;;;;;;;;
La Specola;22924;apuana;undergoing metamorphosis;3/97;Italy;;Lago Baccio, Modena;yes;yes;yes;no;no;yes;yes;yes;yes;no;no;;;;;;;;;;;;;
La Specola;22925;apuana;undergoing metamorphosis;3/97;Italy;;Lago Baccio, Modena;yes;yes;yes;no;no;yes;yes;no;yes;no;no;;;;;;;;;;;;;
La Specola;22929;apuana;undergoing metamorphosis;3/97;Italy;;Lago Baccio, Modena;yes;yes;yes;no;no;yes;yes;no;yes;yes;no;;;;;;;;;;;;;
La Specola;22936;apuana;undergoing metamorphosis;3/97;Italy;;Lago Baccio, Modena;yes;yes;yes;no;no;yes;yes;no;yes;no;no;;;;;;;;;;;;;
La Specola;22930;apuana;undergoing metamorphosis;3/97;Italy;;Lago Baccio, Modena;yes;yes;yes;no;no;yes;yes;yes;yes;no;no;;;;;;;;;;;;;
La Specola;22927;apuana;paedomorphic;3/97;Italy;;Lago Baccio, Modena;yes;yes;yes;yes;yes;yes;no;no;no;no;no;;;;;;;;;;;;;
La Specola;22926;apuana;paedomorphic;3/97;Italy;;Lago Baccio, Modena;yes;yes;yes;yes;yes;yes;yes;no;no;no;no;;;;;;;;;;;;;
La Specola;22928;apuana;paedomorphic;3/97;Italy;;Lago Baccio, Modena;yes;yes;yes;yes;yes;yes;no;no;no;no;no;;;;;;;;;;;;;
La Specola;20401;apuana;triphasic;16/5/1991;Italy;;Costa Rimacina, Luriano, Chindino,Siena, Toscana;yes;yes;yes;no;no;yes;yes;yes;yes;no;no;;;;;;;;;;;;;
La Specola;20403;apuana;triphasic;16/5/1991;Italy;;Costa Rimacina, Luriano, Chindino,Siena, Toscana;yes;yes;yes;no;no;yes;yes;yes;yes;no;no;;;;;;;;;;;;;
La Specola;20402;apuana;triphasic;16/5/1991;Italy;;Costa Rimacina, Luriano, Chindino,Siena, Toscana;yes;yes;yes;no;no;yes;yes;yes;yes;no;no;;;;;;;;;;;;;
La Specola;20404;apuana;paedomorphic;16/5/1991;Italy;;Costa Rimacina, Luriano, Chindino,Siena, Toscana;yes;yes;yes;yes;yes;no;no;no;no;no;no;;;;;;;;;;;;;
La Specola;20407;apuana;paedomorphic;16/5/1991;Italy;;Costa Rimacina, Luriano, Chindino,Siena, Toscana;yes;yes;yes;yes;yes;no;no;no;no;no;no;;;;;;;;;;;;;
La Specola;20406;apuana;paedomorphic;16/5/1991;Italy;;Costa Rimacina, Luriano, Chindino,Siena, Toscana;yes;yes;yes;yes;yes;no;no;no;no;no;no;;;;;;;;;;;;;
La Specola;20408;apuana;paedomorphic;16/5/1991;Italy;;Costa Rimacina, Luriano, Chindino,Siena, Toscana;yes;yes;yes;yes;yes;no;no;no;no;no;no;;;;;;;;;;;;;
La Specola;20405;apuana;paedomorphic;16/5/1991;Italy;;Costa Rimacina, Luriano, Chindino,Siena, Toscana;yes;yes;yes;yes;yes;no;no;no;no;no;no;;;;;;;;;;;;;
La Specola;20413;apuana;paedomorphic;16/5/1991;Italy;;Costa Rimacina, Luriano, Chindino,Siena, Toscana;yes;yes;yes;yes;yes;no;no;no;no;no;no;;;;;;;;;;;;;
La Specola;20409;apuana;paedomorphic;16/5/1991;Italy;;Costa Rimacina, Luriano, Chindino,Siena, Toscana;yes;yes;yes;yes;yes;no;no;no;no;no;no;;;;;;;;;;;;;
La Specola;20414;apuana;paedomorphic;16/5/1991;Italy;;Costa Rimacina, Luriano, Chindino,Siena, Toscana;yes;yes;yes;yes;yes;no;no;no;no;no;no;;;;;;;;;;;;;
La Specola;20418;apuana;paedomorphic;16/5/1991;Italy;;Costa Rimacina, Luriano, Chindino,Siena, Toscana;yes;yes;yes;yes;yes;no;no;no;no;no;no;;;;;;;;;;;;;
La Specola;20417;apuana;paedomorphic;16/5/1991;Italy;;Costa Rimacina, Luriano, Chindino,Siena, Toscana;yes;yes;yes;yes;yes;no;no;no;no;no;no;;;;;;;;;;;;;
La Specola;20415;apuana;paedomorphic;16/5/1991;Italy;;Costa Rimacina, Luriano, Chindino,Siena, Toscana;yes;yes;yes;yes;yes;no;no;no;no;no;no;;;;;;;;;;;;;
La Specola;20416;apuana;paedomorphic;16/5/1991;Italy;;Costa Rimacina, Luriano, Chindino,Siena, Toscana;yes;yes;yes;yes;yes;no;no;no;no;no;no;;;;;;;;;;;;;
La Specola;20410;apuana;paedomorphic;16/5/1991;Italy;;Costa Rimacina, Luriano, Chindino,Siena, Toscana;yes;yes;yes;yes;yes;no;no;no;no;no;no;;;;;;;;;;;;;
La Specola;20412;apuana;paedomorphic;16/5/1991;Italy;;Costa Rimacina, Luriano, Chindino,Siena, Toscana;yes;yes;yes;yes;yes;no;no;no;no;no;no;;;;;;;;;;;;;
La Specola;20411;apuana;paedomorphic;16/5/1991;Italy;;Costa Rimacina, Luriano, Chindino,Siena, Toscana;yes;yes;yes;yes;yes;no;no;no;no;no;no;;;;;;;;;;;;;
MNHN;1992-2685;apuana;paedomorphic;10/08/1985 00:00;Italy;;Lago Secco, Accumoli;yes;yes;yes;yes;yes;yes;yes;no;no;no;no;;;;;;;;;;;;;
MNHN;1992-2686;apuana;paedomorphic;10/08/1985 00:00;Italy;;Lago Secco, Accumoli;yes;yes;yes;yes;yes;yes;no;no;no;no;no;;;;;;;;;;;;;
MNHN;1992-2687;apuana;paedomorphic;10/08/1985 00:00;Italy;;Lago Secco, Accumoli;yes;yes;yes;yes;yes;no;yes;no;no;no;no;;;;;;;;;;;;;
MNHN;1992-2754;apuana;paedomorphic;10/08/1985 00:00;Italy;;Lago Secco, Accumoli;yes;yes;yes;yes;yes;no;no;no;no;no;no;;;;;;;;;;;;;
MNHN;1992-2755;apuana;paedomorphic;10/08/1985 00:00;Italy;;Lago Secco, Accumoli;yes;yes;yes;yes;yes;no;no;no;no;no;no;;;;;;;;;;;;;
MNHN;1992-2756;apuana;paedomorphic;10/08/1985 00:00;Italy;;Lago Secco, Accumoli;yes;yes;yes;yes;yes;no;no;no;no;no;no;;;;;;;;;;;;;
MNHN;1992-2757;apuana;paedomorphic;10/08/1985 00:00;Italy;;Lago Secco, Accumoli;yes;yes;yes;yes;yes;no;no;no;no;no;no;;;;;;;;;;;;;
MNHN;1992-2758;apuana;paedomorphic;10/08/1985 00:00;Italy;;Lago Secco, Accumoli;yes;yes;yes;yes;yes;no;no;no;no;no;no;;;;;;;;;;;;;
MNHN;1992-2759;apuana;paedomorphic;10/08/1985 00:00;Italy;;Lago Secco, Accumoli;yes;yes;yes;yes;yes;no;no;no;no;no;no;;;;;;;;;;;;;
MNHN;1992-2760;apuana;paedomorphic;10/08/1985 00:00;Italy;;Lago Secco, Accumoli;yes;yes;yes;yes;yes;no;no;no;no;no;no;;;;;;;;;;;;;
MNHN;1992-2761;apuana;paedomorphic;10/08/1985 00:00;Italy;;Lago Secco, Accumoli;yes;yes;yes;yes;yes;no;no;no;no;no;no;;;;;;;;;;;;;
MNHN;1992-2797;apuana;paedomorphic;10/08/1985 00:00;Italy;;Lago Secco, Accumoli;yes;yes;yes;yes;yes;no;no;no;no;no;no;;;;;;;;;;;;;
MNHN;1992-2822;apuana;paedomorphic;10/08/1985 00:00;Italy;;Lago Secco, Accumoli;yes;yes;yes;yes;yes;no;no;no;no;no;no;;;;;;;;;;;;;
MNHN;1992-2823;apuana;paedomorphic;10/08/1985 00:00;Italy;;Lago Secco, Accumoli;yes;yes;yes;yes;yes;no;no;no;no;no;no;;;;;;;;;;;;;
MNHN;1992-2824;apuana;paedomorphic;10/08/1985 00:00;Italy;;Lago Secco, Accumoli;yes;yes;yes;yes;yes;no;no;no;no;no;no;;;;;;;;;;;;;
MNHN;1992-2825;apuana;paedomorphic;10/08/1985 00:00;Italy;;Lago Secco, Accumoli;yes;yes;yes;yes;yes;no;no;no;no;no;no;;;;;;;;;;;;;
MNHN;1992-2931;apuana;paedomorphic;10/08/1985 00:00;Italy;;Lago Secco, Accumoli;yes;yes;yes;yes;yes;no;no;no;no;no;no;;;;;;;;;;;;;
MNHN;1992-2932;apuana;paedomorphic;10/08/1985 00:00;Italy;;Lago Secco, Accumoli;yes;yes;yes;no;yes;yes;yes;yes;yes;yes;no;;;;;;;;;;;;;
MNHN;1992-2933;apuana;paedomorphic;10/08/1985 00:00;Italy;;Lago Secco, Accumoli;yes;yes;yes;yes;yes;no;no;no;no;no;no;;;;;;;;;;;;;
MNHN;1992-2934;apuana;paedomorphic;10/08/1985 00:00;Italy;;Lago Secco, Accumoli;yes;yes;yes;yes;yes;no;no;no;no;no;no;;;;;;;;;;;;;
MNHN;1992-2935;apuana;paedomorphic;10/08/1985 00:00;Italy;;Lago Secco, Accumoli;yes;yes;yes;yes;yes;no;no;no;no;no;no;;;;;;;;;;;;;
MNHN;1992-2936;apuana;paedomorphic;10/08/1985 00:00;Italy;;Lago Secco, Accumoli;yes;yes;yes;yes;yes;no;no;no;no;no;no;;;;;;;;;;;;;
MNHN;1992-2926;apuana;paedomorphic;10/08/1985 00:00;Italy;;Lago della Selva;yes;yes;yes;yes;yes;no;no;no;no;no;no;;;;;;;;;;;;;
MVZ;178858;apuana;triphasic;14 Apr 1982;Italy;;Mt. Pond above Tarsagno, Parma Prov;only SVL;yes;yes;no;no;yes;yes;yes;yes;no;no;;;;;;;;;;;;;
MVZ;178857;apuana;triphasic;14 Apr 1982;Italy;;Mt. Pond above Tarsagno, Parma Prov;only SVL;yes;yes;no;no;yes;yes;yes;yes;no;no;;;;;;;;;;;;;
MVZ;178852;apuana;triphasic;14 Apr 1982;Italy;;Mt. Pond above Tarsagno, Parma Prov;only SVL;yes;yes;no;no;yes;yes;yes;yes;no;no;;;;;;;;;;;;;
MVZ;178853;apuana;triphasic;14 Apr 1982;Italy;;Mt. Pond above Tarsagno, Parma Prov;only SVL;yes;yes;no;no;yes;yes;yes;yes;no;no;;;;;;;;;;;;;
MVZ;178854;apuana;triphasic;14 Apr 1982;Italy;;Mt. Pond above Tarsagno, Parma Prov;only SVL;yes;yes;no;no;yes;yes;yes;yes;no;no;;;;;;;;;;;;;
MVZ;178855;apuana;triphasic;14 Apr 1982;Italy;;Mt. Pond above Tarsagno, Parma Prov;only SVL;yes;yes;no;no;yes;yes;yes;yes;no;no;;;;;;;;;;;;;
MVZ;178856;apuana;triphasic;14 Apr 1982;Italy;;Mt. Pond above Tarsagno, Parma Prov;only SVL;yes;yes;no;no;yes;yes;yes;yes;no;no;;;;;;;;;;;;;
MVZ;178851;apuana;triphasic;14 Apr 1982;Italy;;Mt. Pond above Tarsagno, Parma Prov;only SVL;yes;yes;no;no;yes;yes;yes;yes;no;no;;;;;;;;;;;;;
MVZ;178859;apuana;triphasic;14 Apr 1982;Italy;;Mt. Pond above Tarsagno, Parma Prov;only SVL;yes;yes;no;no;yes;yes;yes;yes;no;no;;;;;;;;;;;;;
MVZ;176570;apuana;triphasic;14 Apr 1982;Italy;;Mt. Pond above Tarsagno, Parma Prov;only SVL;yes;yes;no;no;yes;yes;yes;yes;no;no;;;;;;;;;;;;;
MVZ;176571;apuana;triphasic;14 Apr 1982;Italy;;Mt. Pond above Tarsagno, Parma Prov;only SVL;yes;yes;no;no;yes;yes;yes;yes;no;no;;;;;;;;;;;;;
MVZ;191954;apuana;triphasic;1818-06-20 to 1999-02-04;Italy;;Becciano, 10 km N Pisa;only SVL;yes;yes;no;no;yes;yes;yes;yes;no;no;;;;;;;;;;;;;
MVZ;191955;apuana;triphasic;1818-06-20 to 1999-02-04;Italy;;Becciano, 10 km N Pisa;only SVL;yes;yes;no;no;yes;yes;yes;yes;no;no;;;;;;;;;;;;;
MVZ;191956;apuana;triphasic;1818-06-20 to 1999-02-04;Italy;;Becciano, 10 km N Pisa;only SVL;yes;yes;no;no;yes;yes;yes;yes;no;no;;;;;;;;;;;;;
MVZ;191957;apuana;triphasic;1818-06-20 to 1999-02-04;Italy;;Becciano, 10 km N Pisa;only SVL;yes;no;no;no;yes;yes;yes;yes;no;yes;;;;;;;;;;;;;
NMBE;1016799;alpestris;paedomorphic;5/10/76 0:00;Switzerland;Bern;Rüschelzmoos, Ins;yes;yes;yes;no;yes;yes;yes;no;yes;yes;no;;;;;;;;;;;;;
NMBE;1016900;alpestris;paedomorphic;11/22/83 0:00;Switzerland;Appenzell-Ausserrhoden;Wald (AR);yes;yes;yes;no;yes;yes;yes;no;no;yes;no;;;;;;;;;;;;;
NMBE;1047562;alpestris;paedomorphic;4/30/97 0:00;Switzerland;Luzern;Hergiswald, Kriens;yes;yes;yes;yes;yes;yes;yes;no;no;no;no;;;;;;;;;;;;;
NMBE;1053490;alpestris;paedomorphic;6/21/03 0:00;Switzerland;Fribourg;Auried, Kleinbösingen;yes;yes;yes;yes;yes;no;no;no;no;no;no;;;;;;;;;;;;;
NHMW;8773-1;alpestris;paedomorphic;1898. 28.a.;Switzerland;Europa / Schweiz;Lago Antilone,  Alpi Lepontime, Schweiz;yes;yes;yes;yes;yes;yes;no;no;no;no;no;;;;;;;;;;;;;
MHNG;915-005;alpestris;triphasic;17.9.1945;Switzerland;Fribourg;Lac Noir;yes;yes;yes;no;no;yes;yes;yes;yes;no;no;;;;;;;;;;;;;
MHNG;915-001;alpestris;triphasic;16.4.1942;Switzerland;Berne;La Ferrière;yes;yes;yes;no;no;yes;yes;yes;yes;no;no;;;;;;;;;;;;;
MHNG;741-028a;alpestris;triphasic;4.191;Switzerland;Genève;Pinchat;yes;yes;yes;no;no;yes;yes;yes;yes;no;no;;;;;;;;;;;;;
MHNG;877-087n;alpestris;triphasic;7.1946;Switzerland;Grisons;Sta.Maria, Val Muster;yes;yes;yes;no;no;yes;yes;yes;yes;no;yes;;;;;;;;;;;;;
MHNG;1119-054;alpestris;triphasic;6.8.1966;Switzerland;Vaud;La Croue, Arzier;yes;yes;yes;no;no;yes;yes;yes;yes;no;no;;;;;;;;;;;;;
NHMW;8866-1;alpestris;paedomorphic;26.9.1894.;Bosnia;;Jezero b.Trnovo,  Bosnien, Jugoslawien;yes;yes;yes;yes;yes;yes;no;no;no;no;no;;;;;;;;;;;;;
NHMW;8866-2;alpestris;paedomorphic;26.9.1894.;Bosnia;;Jezero b.Trnovo,  Bosnien, Jugoslawien;yes;no;yes;yes;yes;yes;no;no;no;no;no;;;;;;;;;;;;;
NHMW;8866-3;alpestris;paedomorphic;26.9.1894.;Bosnia;;Jezero b.Trnovo,  Bosnien, Jugoslawien;yes;yes;yes;yes;yes;no;no;no;no;no;no;;;;;;;;;;;;;
NHMW;8866-4;alpestris;paedomorphic;26.9.1894.;Bosnia;;Jezero b.Trnovo,  Bosnien, Jugoslawien;yes;yes;yes;yes;yes;no;no;no;no;no;no;;;;;;;;;;;;;
NHMW;8866-5;alpestris;paedomorphic;26.9.1894.;Bosnia;;Jezero b.Trnovo,  Bosnien, Jugoslawien;yes;yes;yes;yes;yes;no;no;no;no;no;no;;;;;;;;;;;;;
NHMW;8866-6;alpestris;paedomorphic;26.9.1894.;Bosnia;;Jezero b.Trnovo,  Bosnien, Jugoslawien;yes;yes;yes;yes;yes;no;yes;no;no;no;no;;;;;;;;;;;;;
NHMW;8866-7;alpestris;paedomorphic;26.9.1894.;Bosnia;;Jezero b.Trnovo,  Bosnien, Jugoslawien;yes;yes;yes;yes;yes;yes;yes;no;no;no;no;;;;;;;;;;;;;
NHMW;8866-8;alpestris;paedomorphic;26.9.1894.;Bosnia;;Jezero b.Trnovo,  Bosnien, Jugoslawien;yes;yes;yes;yes;yes;no;no;no;no;no;no;;;;;;;;;;;;;
NHMW;8866-9;alpestris;paedomorphic;26.9.1894.;Bosnia;;Jezero b.Trnovo,  Bosnien, Jugoslawien;yes;yes;yes;yes;yes;yes;yes;yes;no;yes;no;;;;;;;;;;;;;
NMB;6275;alpestris;triphasic;31.07.1959;Bosnia;;BIH > Südl. Sarajevo < Seen der Trescavica;yes;yes;yes;no;no;yes;yes;yes;yes;no;no;;;;;;;;;;;;;
NMB;6276;alpestris;triphasic;31.07.1959;Bosnia;;BIH > Südl. Sarajevo < Seen der Trescavica;no;yes;no;no;no;yes;yes;yes;yes;no;no;;;;;;;;;;;;;
NMB;6277;alpestris;triphasic;31.07.1959;Bosnia;;BIH > Südl. Sarajevo < Seen der Trescavica;yes;yes;yes;no;no;yes;yes;yes;yes;no;no;;;;;;;;;;;;;
NMB;6278;alpestris;triphasic;31.07.1959;Bosnia;;BIH > Südl. Sarajevo < Seen der Trescavica;yes;yes;yes;no;no;yes;yes;yes;yes;no;no;;;;;;;;;;;;;
NMB;6279;alpestris;triphasic;31.07.1959;Bosnia;;BIH > Südl. Sarajevo < Seen der Trescavica;yes;yes;yes;no;no;yes;yes;yes;yes;no;no;;;;;;;;;;;;;
NMB;6280;alpestris;triphasic;31.07.1959;Bosnia;;BIH > Südl. Sarajevo < Seen der Trescavica;yes;yes;yes;no;no;yes;yes;yes;yes;no;no;;;;;;;;;;;;;
MHNG;2409-084;apuana;triphasic;25.4.1988;Italy;;Castello di Serravalle à25Km. Ouest Sud-Ouestde Bologne;yes;yes;yes;no;no;yes;yes;yes;yes;no;no;;;;;;;;;;;;;
MHNG;2409-085;apuana;triphasic;25.4.1988;Italy;;Castello di Serravalle à25Km. Ouest Sud-Ouestde Bologne;yes;yes;yes;no;no;yes;yes;yes;yes;no;no;;;;;;;;;;;;;
MHNG;2409-086;apuana;triphasic;25.4.1988;Italy;;Castello di Serravalle à25Km. Ouest Sud-Ouestde Bologne;yes;yes;yes;no;no;yes;yes;yes;yes;no;no;;;;;;;;;;;;;
MHNG;2409-087;apuana;triphasic;25.4.1988;Italy;;Castello di Serravalle à25Km. Ouest Sud-Ouestde Bologne;yes;yes;yes;no;no;yes;yes;yes;yes;no;no;;;;;;;;;;;;;
MHNG;2409-088;apuana;triphasic;25.4.1988;Italy;;Castello di Serravalle à25Km. Ouest Sud-Ouestde Bologne;yes;yes;yes;no;no;yes;yes;yes;yes;no;no;;;;;;;;;;;;;
MHNG;2409-089;apuana;triphasic;25.4.1988;Italy;;Castello di Serravalle à25Km. Ouest Sud-Ouestde Bologne;yes;yes;yes;no;no;yes;yes;yes;yes;no;no;;;;;;;;;;;;;
MHNG;2409-090;apuana;triphasic;25.4.1988;Italy;;Castello di Serravalle à25Km. Ouest Sud-Ouestde Bologne;yes;yes;yes;no;no;yes;yes;yes;yes;no;no;;;;;;;;;;;;;
IRSNB;15370;apuana;triphasic;02/08/1976;Italy;;lac de ninfa, apennines, italy;yes;yes;yes;no;no;yes;yes;yes;yes;no;no;;;;;;;;;;;;;
La Specola;14020;apuana;triphasic;11/9/1949;Italy;;Laghetto dei Bagni, monte Cimone, Modena, Italia;yes;yes;yes;no;no;yes;yes;yes;yes;no;no;;;;;;;;;;;;;
La Specola;14019;apuana;triphasic;11/9/1949;Italy;;Laghetto dei Bagni, monte Cimone, Modena, Italia;yes;yes;yes;no;no;yes;yes;yes;yes;no;no;;;;;;;;;;;;;
La Specola;20526;apuana;triphasic;11/9/1949;Italy;;Laghetto dei Bagni, monte Cimone, Modena, Italia;yes;yes;yes;no;no;yes;yes;yes;yes;no;no;;;;;;;;;;;;;
La Specola;14018;apuana;triphasic;11/9/1949;Italy;;Laghetto dei Bagni, monte Cimone, Modena, Italia;yes;yes;yes;no;no;yes;yes;yes;yes;no;no;;;;;;;;;;;;;